Pk,Tm,Player,College,Yrs,G,MP,PTS,TRB,AST,FG%,3P%,FT%,MP_pg,PTS_pg,TRB_pg,AST_pg,WS,WS48,BPM,VORP,draft_year,name_clean
1,CHI,Derrick Rose,Memphis,15.0,723.0,22054.0,12573.0,2324.0,3770.0,0.456,0.316,0.831,30.5,17.4,3.2,5.2,44.6,0.097,1.2,18.2,2008,derrickrose
2,MIA,Michael Beasley,Kansas State,11.0,609.0,13903.0,7568.0,2861.0,788.0,0.465,0.349,0.759,22.8,12.4,4.7,1.3,15.6,0.054,-1.7,0.9,2008,michaelbeasley
3,MIN,O.J. Mayo,USC,8.0,547.0,16919.0,7574.0,1706.0,1607.0,0.429,0.373,0.82,30.9,13.8,3.1,2.9,21.8,0.062,-0.9,4.7,2008,o.j.mayo
4,SEA,Russell Westbrook,UCLA,18.0,1301.0,43026.0,27176.0,9025.0,10351.0,0.438,0.308,0.771,33.1,20.9,6.9,8.0,112.9,0.126,3.5,59.1,2008,russellwestbrook
5,MEM,Kevin Love,UCLA,18.0,989.0,28118.0,15669.0,9712.0,2240.0,0.437,0.369,0.828,28.4,15.8,9.8,2.3,96.0,0.164,3.2,36.7,2008,kevinlove
6,NYK,Danilo Gallinari,,14.0,777.0,22410.0,11607.0,3618.0,1469.0,0.428,0.381,0.876,28.8,14.9,4.7,1.9,65.4,0.14,1.7,20.8,2008,danilogallinari
7,LAC,Eric Gordon,Indiana,18.0,931.0,28958.0,14167.0,2115.0,2511.0,0.43,0.373,0.809,31.1,15.2,2.3,2.7,42.1,0.07,-0.8,9.1,2008,ericgordon
8,MIL,Joe Alexander,West Virginia,2.0,67.0,745.0,282.0,120.0,44.0,0.41,0.34,0.698,11.1,4.2,1.8,0.7,0.5,0.03,-3.6,-0.3,2008,joealexander
9,CHA,D.J. Augustin,Texas,14.0,976.0,22851.0,9259.0,1805.0,3761.0,0.412,0.381,0.867,23.4,9.5,1.8,3.9,47.7,0.1,-0.7,7.6,2008,d.j.augustin
10,NJN,Brook Lopez,Stanford,18.0,1180.0,35157.0,18151.0,7010.0,1712.0,0.494,0.353,0.797,29.8,15.4,5.9,1.5,94.2,0.129,1.2,28.3,2008,brooklopez
11,IND,Jerryd Bayless,Arizona,11.0,586.0,12486.0,4909.0,1235.0,1674.0,0.411,0.361,0.818,21.3,8.4,2.1,2.9,18.6,0.072,-1.6,1.1,2008,jerrydbayless
12,SAC,Jason Thompson,Rider University,8.0,588.0,14819.0,5210.0,3880.0,635.0,0.496,0.143,0.657,25.2,8.9,6.6,1.1,23.8,0.077,-2.6,-2.4,2008,jasonthompson
13,POR,Brandon Rush,Kansas,9.0,481.0,10564.0,3250.0,1413.0,468.0,0.426,0.402,0.706,22.0,6.8,2.9,1.0,11.2,0.051,-1.4,1.6,2008,brandonrush
14,GSW,Anthony Randolph,LSU,6.0,252.0,3841.0,1789.0,1078.0,187.0,0.453,0.241,0.74,15.2,7.1,4.3,0.7,5.8,0.072,-1.6,0.4,2008,anthonyrandolph
15,PHO,Robin Lopez,Stanford,16.0,992.0,20937.0,8326.0,4660.0,819.0,0.537,0.297,0.743,21.1,8.4,4.7,0.8,49.6,0.114,-1.1,4.6,2008,robinlopez
16,PHI,Marreese Speights,Florida,10.0,705.0,10640.0,5592.0,2875.0,461.0,0.459,0.356,0.797,15.1,7.9,4.1,0.7,25.8,0.116,-2.2,-0.6,2008,marreesespeights
17,TOR,Roy Hibbert,Georgetown,9.0,662.0,16389.0,6611.0,4173.0,885.0,0.465,0.25,0.755,24.8,10.0,6.3,1.3,35.9,0.105,-1.1,3.5,2008,royhibbert
18,WAS,JaVale McGee,Nevada,16.0,909.0,14676.0,6907.0,4577.0,386.0,0.578,0.192,0.604,16.1,7.6,5.0,0.4,43.7,0.143,0.0,7.3,2008,javalemcgee
19,CLE,J.J. Hickson,NC State,8.0,534.0,11925.0,5081.0,3639.0,449.0,0.505,0.0,0.617,22.3,9.5,6.8,0.8,21.9,0.088,-1.8,0.5,2008,j.j.hickson
20,CHA,Alexis Ajinça,,7.0,293.0,3905.0,1553.0,1150.0,143.0,0.503,0.286,0.797,13.3,5.3,3.9,0.5,7.5,0.093,-2.8,-0.8,2008,alexisajinca
21,NJN,Ryan Anderson,California,12.0,649.0,16769.0,8001.0,3413.0,586.0,0.422,0.38,0.854,25.8,12.3,5.3,0.9,46.7,0.134,1.0,12.8,2008,ryananderson
22,ORL,Courtney Lee,Western Kentucky,12.0,811.0,21938.0,7765.0,2127.0,1353.0,0.451,0.388,0.853,27.1,9.6,2.6,1.7,39.3,0.086,-0.6,7.9,2008,courtneylee
23,UTA,Kosta Koufos,Ohio State,11.0,686.0,11271.0,3913.0,3452.0,359.0,0.534,0.0,0.582,16.4,5.7,5.0,0.5,28.3,0.12,-1.3,2.0,2008,kostakoufos
24,SEA,Serge Ibaka,,14.0,919.0,25127.0,11028.0,6513.0,749.0,0.513,0.359,0.757,27.3,12.0,7.1,0.8,73.0,0.139,0.5,15.7,2008,sergeibaka
25,HOU,Nicolas Batum,,18.0,1205.0,33931.0,11553.0,5656.0,3612.0,0.436,0.371,0.831,28.2,9.6,4.7,3.0,75.6,0.107,1.4,29.0,2008,nicolasbatum
26,SAS,George Hill,IUPUI,15.0,915.0,24501.0,9545.0,2731.0,2807.0,0.457,0.38,0.806,26.8,10.4,3.0,3.1,71.0,0.139,1.1,19.4,2008,georgehill
27,NOH,Darrell Arthur,Kansas,9.0,503.0,8945.0,3282.0,1768.0,409.0,0.444,0.352,0.765,17.8,6.5,3.5,0.8,12.3,0.066,-2.2,-0.4,2008,darrellarthur
28,MEM,Donté Greene,Syracuse,4.0,253.0,4259.0,1541.0,600.0,183.0,0.406,0.304,0.701,16.8,6.1,2.4,0.7,1.5,0.017,-2.8,-0.9,2008,dontegreene
29,DET,D.J. White,Indiana,6.0,138.0,2111.0,810.0,437.0,80.0,0.507,0.333,0.72,15.3,5.9,3.2,0.6,3.8,0.087,-2.1,0.0,2008,d.j.white
30,BOS,J.R. Giddens,New Mexico,2.0,38.0,247.0,73.0,54.0,13.0,0.476,0.0,0.565,6.5,1.9,1.4,0.3,0.1,0.027,-4.3,-0.1,2008,j.r.giddens
31,MIN,Nikola Peković,,6.0,271.0,6744.0,3405.0,1807.0,199.0,0.518,,0.76,24.9,12.6,6.7,0.7,18.8,0.134,-0.7,2.2,2008,nikolapekovic
32,SEA,Walter Sharpe,UAB,1.0,8.0,20.0,8.0,3.0,0.0,0.364,0.0,0.0,2.5,1.0,0.4,0.0,-0.1,-0.131,-10.1,0.0,2008,waltersharpe
33,POR,Joey Dorsey,Memphis,4.0,130.0,1488.0,344.0,513.0,55.0,0.534,0.0,0.375,11.4,2.6,3.9,0.4,2.9,0.092,-2.7,-0.3,2008,joeydorsey
34,MIN,Mario Chalmers,Kansas,9.0,646.0,17245.0,5743.0,1585.0,2412.0,0.417,0.351,0.793,26.7,8.9,2.5,3.7,32.3,0.09,-0.6,5.9,2008,mariochalmers
35,LAC,DeAndre Jordan,Texas A&M,18.0,1123.0,28066.0,9536.0,10861.0,1056.0,0.673,0.154,0.475,25.0,8.5,9.7,0.9,99.4,0.17,1.1,22.2,2008,deandrejordan
36,POR,Ömer Aşık,,8.0,471.0,9216.0,2479.0,3362.0,280.0,0.528,0.0,0.551,19.6,5.3,7.1,0.6,20.9,0.109,-1.9,0.1,2008,omerasık
37,MIL,Luc Mbah a Moute,UCLA,12.0,689.0,16038.0,4380.0,2800.0,588.0,0.454,0.334,0.659,23.3,6.4,4.1,0.9,26.0,0.078,-1.5,2.0,2008,lucmbahamoute
38,CHA,Kyle Weaver,Washington State,3.0,73.0,1379.0,363.0,158.0,119.0,0.441,0.353,0.736,18.9,5.0,2.2,1.6,1.5,0.051,-1.1,0.3,2008,kyleweaver
39,CHI,Sonny Weems,Arkansas,4.0,183.0,3335.0,1189.0,402.0,257.0,0.465,0.283,0.702,18.2,6.5,2.2,1.4,0.0,0.001,-4.2,-1.8,2008,sonnyweems
40,NJN,Chris Douglas-Roberts,Memphis,6.0,222.0,4381.0,1571.0,472.0,254.0,0.439,0.329,0.831,19.7,7.1,2.1,1.1,5.4,0.059,-2.2,-0.2,2008,chrisdouglas-roberts
41,IND,Nathan Jawai,,2.0,45.0,431.0,126.0,106.0,24.0,0.435,0.0,0.684,9.6,2.8,2.4,0.5,0.2,0.02,-4.4,-0.3,2008,nathanjawai
42,SAC,Sean Singletary,Virginia,1.0,37.0,303.0,90.0,35.0,29.0,0.365,0.4,0.857,8.2,2.4,0.9,0.8,0.0,0.006,-5.1,-0.2,2008,seansingletary
43,SAC,Patrick Ewing,Georgetown,1.0,7.0,19.0,3.0,2.0,2.0,0.0,0.0,0.75,2.7,0.4,0.3,0.3,-0.1,-0.158,-9.1,0.0,2008,patrickewing
44,UTA,Ante Tomić,,0.0,0.0,0.0,0.0,0.0,0.0,,,,,,,,0.0,,0.0,0.0,2008,antetomic
45,SAS,Goran Dragić,,15.0,946.0,25603.0,12568.0,2816.0,4405.0,0.459,0.362,0.766,27.1,13.3,3.0,4.7,56.7,0.106,0.5,15.9,2008,gorandragic
46,SEA,Trent Plaisted,BYU,0.0,0.0,0.0,0.0,0.0,0.0,,,,,,,,0.0,,0.0,0.0,2008,trentplaisted
47,WAS,Henry Walker,Kansas State,5.0,181.0,3016.0,1079.0,401.0,153.0,0.446,0.369,0.76,16.7,6.0,2.2,0.8,5.0,0.079,-1.8,0.2,2008,henrywalker
48,PHO,Malik Hairston,Oregon,2.0,62.0,472.0,149.0,77.0,29.0,0.512,0.167,0.514,7.6,2.4,1.2,0.5,0.8,0.086,-2.0,0.0,2008,malikhairston
49,GSW,Richard Hendrix,Alabama,0.0,0.0,0.0,0.0,0.0,0.0,,,,,,,,0.0,,0.0,0.0,2008,richardhendrix
50,SEA,DeVon Hardin,California,0.0,0.0,0.0,0.0,0.0,0.0,,,,,,,,0.0,,0.0,0.0,2008,devonhardin
51,DAL,Shan Foster,Vanderbilt,0.0,0.0,0.0,0.0,0.0,0.0,,,,,,,,0.0,,0.0,0.0,2008,shanfoster
52,MIA,Darnell Jackson,Kansas,3.0,138.0,1039.0,308.0,203.0,26.0,0.449,0.235,0.644,7.5,2.2,1.5,0.2,1.3,0.059,-5.2,-0.8,2008,darnelljackson
53,UTA,Tadija Dragićević,,0.0,0.0,0.0,0.0,0.0,0.0,,,,,,,,0.0,,0.0,0.0,2008,tadijadragicevic
54,HOU,Maarty Leunen,Oregon,0.0,0.0,0.0,0.0,0.0,0.0,,,,,,,,0.0,,0.0,0.0,2008,maartyleunen
55,POR,Mike Taylor,Iowa State,1.0,51.0,771.0,289.0,87.0,106.0,0.412,0.325,0.691,15.1,5.7,1.7,2.1,-0.4,-0.028,-5.2,-0.6,2008,miketaylor
56,SEA,Sasha Kaun,Kansas,1.0,25.0,95.0,23.0,26.0,3.0,0.529,,0.455,3.8,0.9,1.0,0.1,0.2,0.096,-2.8,0.0,2008,sashakaun
57,SAS,James Gist,Maryland,0.0,0.0,0.0,0.0,0.0,0.0,,,,,,,,0.0,,0.0,0.0,2008,jamesgist
58,LAL,Joe Crawford,Kentucky,1.0,2.0,23.0,9.0,4.0,1.0,0.3,0.25,1.0,11.5,4.5,2.0,0.5,0.0,0.037,-2.7,0.0,2008,joecrawford
59,DET,Deron Washington,Virginia Tech,0.0,0.0,0.0,0.0,0.0,0.0,,,,,,,,0.0,,0.0,0.0,2008,deronwashington
60,BOS,Semih Erden,,2.0,69.0,928.0,262.0,190.0,29.0,0.546,,0.594,13.4,3.8,2.8,0.4,1.8,0.094,-3.6,-0.4,2008,semiherden
1,LAC,Blake Griffin,Oklahoma,13.0,765.0,24384.0,14513.0,6109.0,3055.0,0.493,0.328,0.696,31.9,19.0,8.0,4.0,81.1,0.16,3.3,32.8,2009,blakegriffin
2,MEM,Hasheem Thabeet,UConn,5.0,224.0,2357.0,483.0,595.0,27.0,0.567,,0.578,10.5,2.2,2.7,0.1,4.8,0.099,-2.7,-0.4,2009,hasheemthabeet
3,OKC,James Harden,Arizona State,17.0,1221.0,42450.0,29339.0,6809.0,8873.0,0.439,0.364,0.863,34.8,24.0,5.6,7.3,182.4,0.206,6.2,87.9,2009,jamesharden
4,SAC,Tyreke Evans,Memphis,10.0,594.0,18242.0,9347.0,2720.0,2852.0,0.44,0.323,0.757,30.7,15.7,4.6,4.8,28.4,0.075,0.8,13.1,2009,tyrekeevans
5,MIN,Ricky Rubio,,12.0,698.0,20694.0,7570.0,2830.0,5160.0,0.388,0.324,0.843,29.6,10.8,4.1,7.4,42.3,0.098,0.5,13.3,2009,rickyrubio
6,MIN,Jonny Flynn,Syracuse,3.0,163.0,3738.0,1504.0,307.0,634.0,0.4,0.338,0.809,22.9,9.2,1.9,3.9,-1.1,-0.015,-4.0,-1.9,2009,jonnyflynn
7,GSW,Stephen Curry,Davidson,17.0,1069.0,36304.0,26528.0,4973.0,6743.0,0.471,0.422,0.912,34.0,24.8,4.7,6.3,147.1,0.195,6.4,77.2,2009,stephencurry
8,NYK,Jordan Hill,Arizona,8.0,409.0,7692.0,3232.0,2389.0,322.0,0.497,0.136,0.699,18.8,7.9,5.8,0.8,16.4,0.102,-2.0,0.0,2009,jordanhill
9,TOR,DeMar DeRozan,USC,17.0,1264.0,43634.0,26711.0,5434.0,5185.0,0.471,0.302,0.843,34.5,21.1,4.3,4.1,114.1,0.126,0.8,30.6,2009,demarderozan
10,MIL,Brandon Jennings,,9.0,555.0,16844.0,7801.0,1659.0,3151.0,0.387,0.345,0.796,30.3,14.1,3.0,5.7,29.9,0.085,0.8,11.8,2009,brandonjennings
11,NJN,Terrence Williams,Louisville,4.0,153.0,2922.0,1085.0,545.0,364.0,0.412,0.317,0.659,19.1,7.1,3.6,2.4,-0.2,-0.004,-2.8,-0.6,2009,terrencewilliams
12,CHA,Gerald Henderson,Duke,8.0,535.0,13854.0,5987.0,1716.0,1009.0,0.44,0.327,0.793,25.9,11.2,3.2,1.9,18.3,0.063,-1.8,0.6,2009,geraldhenderson
13,IND,Tyler Hansbrough,UNC,7.0,428.0,7233.0,2881.0,1808.0,181.0,0.439,0.136,0.738,16.9,6.7,4.2,0.4,20.2,0.134,-2.0,0.0,2009,tylerhansbrough
14,PHO,Earl Clark,Louisville,6.0,261.0,3630.0,1138.0,778.0,134.0,0.403,0.328,0.664,13.9,4.4,3.0,0.5,2.9,0.038,-2.8,-0.8,2009,earlclark
15,DET,Austin Daye,Gonzaga,6.0,293.0,4132.0,1522.0,764.0,212.0,0.402,0.351,0.778,14.1,5.2,2.6,0.7,4.5,0.053,-2.0,0.0,2009,austindaye
16,CHI,James Johnson,Wake Forest,16.0,786.0,15561.0,5830.0,2716.0,1610.0,0.473,0.3,0.678,19.8,7.4,3.5,2.0,27.4,0.084,0.4,9.3,2009,jamesjohnson
17,PHI,Jrue Holiday,UCLA,17.0,1090.0,35720.0,17287.0,4585.0,6762.0,0.461,0.37,0.79,32.8,15.9,4.2,6.2,78.1,0.105,1.6,32.7,2009,jrueholiday
18,MIN,Ty Lawson,UNC,8.0,551.0,16088.0,6977.0,1506.0,3316.0,0.46,0.359,0.77,29.2,12.7,2.7,6.0,42.1,0.126,1.4,13.6,2009,tylawson
19,ATL,Jeff Teague,Wake Forest,12.0,826.0,22164.0,10061.0,1989.0,4585.0,0.444,0.36,0.844,26.8,12.2,2.4,5.6,52.4,0.113,0.6,14.3,2009,jeffteague
20,UTA,Eric Maynor,VCU,5.0,267.0,3896.0,1141.0,348.0,760.0,0.392,0.35,0.721,14.6,4.3,1.3,2.8,3.3,0.041,-2.9,-0.8,2009,ericmaynor
21,NOH,Darren Collison,UCLA,11.0,711.0,20833.0,8861.0,1889.0,3545.0,0.471,0.394,0.853,29.3,12.5,2.7,5.0,49.9,0.115,0.5,13.4,2009,darrencollison
22,POR,Victor Claver,,3.0,80.0,1072.0,258.0,178.0,56.0,0.398,0.293,0.585,13.4,3.2,2.2,0.7,0.2,0.011,-3.6,-0.4,2009,victorclaver
23,SAC,Omri Casspi,,10.0,588.0,11959.0,4642.0,2355.0,662.0,0.454,0.368,0.678,20.3,7.9,4.0,1.1,19.6,0.078,-0.8,3.5,2009,omricasspi
24,DAL,Byron Mullens,Ohio State,5.0,189.0,3446.0,1398.0,790.0,153.0,0.408,0.319,0.706,18.2,7.4,4.2,0.8,0.6,0.008,-4.0,-1.8,2009,byronmullens
25,OKC,Rodrigue Beaubois,,4.0,182.0,2896.0,1286.0,338.0,374.0,0.439,0.325,0.81,15.9,7.1,1.9,2.1,4.8,0.079,-0.1,1.4,2009,rodriguebeaubois
26,CHI,Taj Gibson,USC,17.0,1012.0,23166.0,8431.0,5754.0,952.0,0.517,0.272,0.713,22.9,8.3,5.7,0.9,60.5,0.125,-0.9,6.5,2009,tajgibson
27,MEM,DeMarre Carroll,Missouri,11.0,578.0,13675.0,5150.0,2454.0,726.0,0.43,0.358,0.741,23.7,8.9,4.2,1.3,29.5,0.104,0.0,6.7,2009,demarrecarroll
28,MIN,Wayne Ellington,UNC,13.0,770.0,16100.0,6190.0,1643.0,852.0,0.41,0.382,0.843,20.9,8.0,2.1,1.1,21.1,0.063,-1.5,2.2,2009,wayneellington
29,LAL,Toney Douglas,Florida State,8.0,394.0,7511.0,3009.0,875.0,889.0,0.404,0.354,0.824,19.1,7.6,2.2,2.3,12.1,0.077,-0.8,2.2,2009,toneydouglas
30,CLE,Christian Eyenga,,2.0,51.0,1049.0,320.0,137.0,40.0,0.411,0.277,0.611,20.6,6.3,2.7,0.8,-0.4,-0.02,-4.2,-0.6,2009,christianeyenga
31,SAC,Jeff Ayres,Arizona State,6.0,237.0,2322.0,690.0,632.0,99.0,0.553,0.4,0.776,9.8,2.9,2.7,0.4,6.3,0.131,-2.3,-0.2,2009,jeffayres
32,WAS,Jermaine Taylor,Central Florida,2.0,65.0,786.0,351.0,108.0,48.0,0.441,0.284,0.73,12.1,5.4,1.7,0.7,0.2,0.014,-3.7,-0.3,2009,jermainetaylor
33,POR,Dante Cunningham,Villanova,10.0,715.0,14875.0,4133.0,2676.0,506.0,0.469,0.345,0.649,20.8,5.8,3.7,0.7,24.9,0.08,-1.7,1.1,2009,dantecunningham
34,DEN,Sergio Llull,,0.0,0.0,0.0,0.0,0.0,0.0,,,,,,,,0.0,,0.0,0.0,2009,sergiollull
35,DET,DaJuan Summers,Georgetown,4.0,83.0,820.0,278.0,82.0,29.0,0.384,0.367,0.642,9.9,3.3,1.0,0.3,-0.1,-0.008,-5.8,-0.8,2009,dajuansummers
36,MEM,Sam Young,Pitt,4.0,249.0,3966.0,1436.0,573.0,180.0,0.442,0.28,0.742,15.9,5.8,2.3,0.7,5.2,0.063,-2.1,-0.1,2009,samyoung
37,SAS,DeJuan Blair,Pitt,7.0,424.0,7054.0,2865.0,2153.0,349.0,0.524,0.0,0.608,16.6,6.8,5.1,0.8,19.0,0.129,-1.2,1.4,2009,dejuanblair
38,POR,Jon Brockman,Washington,3.0,150.0,1570.0,320.0,472.0,49.0,0.488,0.0,0.618,10.5,2.1,3.1,0.3,3.7,0.113,-3.9,-0.8,2009,jonbrockman
39,DET,Jonas Jerebko,,9.0,635.0,11323.0,3919.0,2522.0,525.0,0.457,0.363,0.77,17.8,6.2,4.0,0.8,25.8,0.109,-1.0,2.9,2009,jonasjerebko
40,CHA,Derrick Brown,Xavier,3.0,171.0,2554.0,895.0,413.0,119.0,0.515,0.317,0.637,14.9,5.2,2.4,0.7,4.5,0.085,-1.3,0.4,2009,derrickbrown
41,MIL,Jodie Meeks,Kentucky,10.0,539.0,12110.0,4988.0,1120.0,583.0,0.42,0.373,0.879,22.5,9.3,2.1,1.1,24.3,0.096,-0.6,4.2,2009,jodiemeeks
42,LAL,Patrick Beverley,Arkansas,12.0,666.0,17689.0,5520.0,2729.0,2245.0,0.413,0.371,0.76,26.6,8.3,4.1,3.4,40.2,0.109,0.7,12.1,2009,patrickbeverley
43,MIA,Marcus Thornton,LSU,8.0,483.0,11299.0,5750.0,1348.0,677.0,0.425,0.358,0.83,23.4,11.9,2.8,1.4,20.0,0.085,0.2,6.2,2009,marcusthornton
44,DET,Chase Budinger,Arizona,7.0,407.0,7998.0,3198.0,1240.0,473.0,0.43,0.352,0.797,19.7,7.9,3.0,1.2,13.9,0.083,-0.5,2.9,2009,chasebudinger
45,MIN,Nick Calathes,Florida,2.0,129.0,2011.0,590.0,243.0,353.0,0.441,0.288,0.581,15.6,4.6,1.9,2.7,2.6,0.063,-0.5,0.8,2009,nickcalathes
46,CLE,Danny Green,UNC,15.0,832.0,20899.0,7204.0,2827.0,1277.0,0.421,0.4,0.805,25.1,8.7,3.4,1.5,49.3,0.113,1.8,20.2,2009,dannygreen
47,MIN,Henk Norel,,0.0,0.0,0.0,0.0,0.0,0.0,,,,,,,,0.0,,0.0,0.0,2009,henknorel
48,PHO,Taylor Griffin,Oklahoma,1.0,8.0,32.0,10.0,2.0,1.0,0.4,0.0,0.5,4.0,1.3,0.3,0.1,0.0,-0.039,-8.1,-0.1,2009,taylorgriffin
49,ATL,Sergiy Gladyr,,0.0,0.0,0.0,0.0,0.0,0.0,,,,,,,,0.0,,0.0,0.0,2009,sergiygladyr
50,UTA,Goran Suton,Michigan State,0.0,0.0,0.0,0.0,0.0,0.0,,,,,,,,0.0,,0.0,0.0,2009,goransuton
51,SAS,Jack McClinton,Miami (FL),0.0,0.0,0.0,0.0,0.0,0.0,,,,,,,,0.0,,0.0,0.0,2009,jackmcclinton
52,IND,A.J. Price,UConn,6.0,261.0,3929.0,1523.0,377.0,567.0,0.38,0.316,0.742,15.1,5.8,1.4,2.2,4.7,0.058,-1.3,0.7,2009,a.j.price
53,SAS,Nando De Colo,,2.0,119.0,1414.0,453.0,211.0,203.0,0.429,0.363,0.835,11.9,3.8,1.8,1.7,2.4,0.081,-0.7,0.5,2009,nandodecolo
54,CHA,Robert Vaden,UAB,0.0,0.0,0.0,0.0,0.0,0.0,,,,,,,,0.0,,0.0,0.0,2009,robertvaden
55,POR,Patty Mills,Saint Mary's,16.0,921.0,18316.0,8004.0,1491.0,2010.0,0.423,0.385,0.857,19.9,8.7,1.6,2.2,35.9,0.094,-0.2,8.5,2009,pattymills
56,DAL,Ahmad Nivins,Saint Joseph's,0.0,0.0,0.0,0.0,0.0,0.0,,,,,,,,0.0,,0.0,0.0,2009,ahmadnivins
57,PHO,Emir Preldžić,,0.0,0.0,0.0,0.0,0.0,0.0,,,,,,,,0.0,,0.0,0.0,2009,emirpreldzic
58,BOS,Lester Hudson,University of Tennessee at Martin,4.0,57.0,594.0,268.0,77.0,71.0,0.375,0.277,0.806,10.4,4.7,1.4,1.2,0.2,0.016,-2.1,0.0,2009,lesterhudson
59,LAL,Chinemelu Elonu,Texas A&M,0.0,0.0,0.0,0.0,0.0,0.0,,,,,,,,0.0,,0.0,0.0,2009,chinemeluelonu
60,MIA,Robert Dozier,Memphis,0.0,0.0,0.0,0.0,0.0,0.0,,,,,,,,0.0,,0.0,0.0,2009,robertdozier
1,WAS,John Wall,Kentucky,11.0,647.0,22588.0,12088.0,2704.0,5735.0,0.43,0.322,0.776,34.9,18.7,4.2,8.9,44.5,0.094,2.2,24.1,2010,johnwall
2,PHI,Evan Turner,Ohio State,10.0,705.0,18938.0,6824.0,3278.0,2462.0,0.434,0.294,0.782,26.9,9.7,4.6,3.5,20.2,0.051,-1.9,0.5,2010,evanturner
3,NJN,Derrick Favors,Georgia Tech,12.0,790.0,19202.0,8354.0,5608.0,851.0,0.534,0.198,0.663,24.3,10.6,7.1,1.1,60.2,0.15,0.9,14.0,2010,derrickfavors
4,MIN,Wesley Johnson,Syracuse,9.0,609.0,13472.0,4235.0,1924.0,645.0,0.404,0.337,0.741,22.1,7.0,3.2,1.1,10.7,0.038,-1.6,1.2,2010,wesleyjohnson
5,SAC,DeMarcus Cousins,Kentucky,11.0,654.0,19508.0,12802.0,6664.0,1979.0,0.46,0.331,0.737,29.8,19.6,10.2,3.0,46.8,0.115,2.4,21.6,2010,demarcuscousins
6,GSW,Ekpe Udoh,Baylor,7.0,384.0,5694.0,1353.0,1100.0,260.0,0.453,0.0,0.718,14.8,3.5,2.9,0.7,10.4,0.088,-1.4,0.8,2010,ekpeudoh
7,DET,Greg Monroe,Georgetown,10.0,646.0,17670.0,8402.0,5293.0,1376.0,0.514,0.059,0.703,27.4,13.0,8.2,2.1,50.4,0.137,1.4,15.3,2010,gregmonroe
8,LAC,Al-Farouq Aminu,Wake Forest,11.0,711.0,17698.0,5350.0,4280.0,879.0,0.42,0.332,0.746,24.9,7.5,6.0,1.2,27.6,0.075,-0.6,6.5,2010,al-farouqaminu
9,UTA,Gordon Hayward,Butler,14.0,835.0,25654.0,12687.0,3698.0,2940.0,0.455,0.37,0.822,30.7,15.2,4.4,3.5,63.5,0.119,1.6,23.0,2010,gordonhayward
10,IND,Paul George,Fresno State,16.0,945.0,31651.0,19338.0,5880.0,3502.0,0.44,0.384,0.852,33.5,20.5,6.2,3.7,92.0,0.14,3.7,45.2,2010,paulgeorge
11,NOH,Cole Aldrich,Kansas,8.0,339.0,3389.0,1050.0,1131.0,183.0,0.527,,0.738,10.0,3.1,3.3,0.5,9.6,0.135,0.1,1.8,2010,colealdrich
12,MEM,Xavier Henry,Kansas,5.0,185.0,2905.0,1050.0,351.0,120.0,0.406,0.325,0.635,15.7,5.7,1.9,0.6,0.8,0.013,-4.4,-1.7,2010,xavierhenry
13,TOR,Ed Davis,UNC,12.0,722.0,13756.0,4291.0,4616.0,539.0,0.567,0.0,0.583,19.1,5.9,6.4,0.7,43.3,0.151,-0.2,6.2,2010,eddavis
14,HOU,Patrick Patterson,Kentucky,11.0,719.0,14923.0,4782.0,2799.0,736.0,0.447,0.369,0.755,20.8,6.7,3.9,1.0,31.9,0.102,0.0,7.4,2010,patrickpatterson
15,MIL,Larry Sanders,VCU,6.0,238.0,4635.0,1520.0,1345.0,174.0,0.48,0.0,0.553,19.5,6.4,5.7,0.7,10.3,0.107,-1.1,1.1,2010,larrysanders
16,MIN,Luke Babbitt,Nevada,8.0,381.0,5332.0,1818.0,846.0,224.0,0.408,0.402,0.747,14.0,4.8,2.2,0.6,7.2,0.065,-2.1,-0.1,2010,lukebabbitt
17,CHI,Kevin Séraphin,,7.0,423.0,6430.0,2516.0,1462.0,246.0,0.489,0.0,0.715,15.2,5.9,3.5,0.6,5.9,0.044,-4.3,-3.6,2010,kevinseraphin
18,OKC,Eric Bledsoe,Kentucky,12.0,756.0,21021.0,10348.0,2937.0,3545.0,0.452,0.336,0.784,27.8,13.7,3.9,4.7,46.1,0.105,1.6,18.8,2010,ericbledsoe
19,BOS,Avery Bradley,Texas,12.0,660.0,18151.0,7279.0,1863.0,1105.0,0.434,0.365,0.783,27.5,11.0,2.8,1.7,17.2,0.045,-2.4,-1.8,2010,averybradley
20,SAS,James Anderson,Oklahoma State,5.0,247.0,4320.0,1422.0,560.0,291.0,0.411,0.321,0.755,17.5,5.8,2.3,1.2,3.3,0.037,-2.7,-0.8,2010,jamesanderson
21,OKC,Craig Brackins,Iowa State,2.0,17.0,121.0,30.0,19.0,9.0,0.265,0.214,0.5,7.1,1.8,1.1,0.5,-0.2,-0.089,-9.9,-0.2,2010,craigbrackins
22,POR,Elliot Williams,Memphis,4.0,109.0,1470.0,537.0,161.0,94.0,0.421,0.31,0.669,13.5,4.9,1.5,0.9,0.7,0.024,-4.9,-1.1,2010,elliotwilliams
23,MIN,Trevor Booker,Clemson,8.0,532.0,10872.0,3679.0,2932.0,565.0,0.515,0.305,0.636,20.4,6.9,5.5,1.1,26.2,0.116,-0.5,4.2,2010,trevorbooker
24,ATL,Damion James,Texas,4.0,39.0,623.0,150.0,131.0,26.0,0.415,0.0,0.667,16.0,3.8,3.4,0.7,0.0,-0.001,-3.7,-0.3,2010,damionjames
25,MEM,Dominique Jones,South Florida,3.0,80.0,741.0,246.0,114.0,144.0,0.366,0.095,0.729,9.3,3.1,1.4,1.8,0.3,0.017,-2.4,-0.1,2010,dominiquejones
26,OKC,Quincy Pondexter,Washington,7.0,355.0,5530.0,1609.0,640.0,263.0,0.423,0.356,0.746,15.6,4.5,1.8,0.7,9.7,0.084,-1.8,0.3,2010,quincypondexter
27,NJN,Jordan Crawford,Xavier,6.0,281.0,6843.0,3432.0,703.0,883.0,0.411,0.317,0.826,24.4,12.2,2.5,3.1,6.3,0.044,-1.3,1.3,2010,jordancrawford
28,MEM,Greivis Vásquez,Maryland,7.0,401.0,9520.0,3591.0,1021.0,1935.0,0.418,0.349,0.817,23.7,9.0,2.5,4.8,12.6,0.064,-1.2,1.8,2010,greivisvasquez
29,ORL,Daniel Orton,Kentucky,3.0,51.0,542.0,143.0,126.0,24.0,0.485,0.0,0.597,10.6,2.8,2.5,0.5,1.0,0.093,-3.5,-0.2,2010,danielorton
30,WAS,Lazar Hayward,Marquette,3.0,72.0,591.0,207.0,90.0,35.0,0.347,0.269,0.767,8.2,2.9,1.3,0.5,0.2,0.02,-4.2,-0.3,2010,lazarhayward
31,NJN,Tibor Pleiß,,1.0,12.0,82.0,24.0,15.0,2.0,0.44,0.0,1.0,6.8,2.0,1.3,0.2,-0.1,-0.041,-11.6,-0.2,2010,tiborpleiß
32,MIA,Dexter Pittman,Texas,4.0,50.0,347.0,116.0,89.0,9.0,0.45,,0.545,6.9,2.3,1.8,0.2,0.5,0.068,-7.7,-0.5,2010,dexterpittman
33,SAC,Hassan Whiteside,Marshall,10.0,511.0,12645.0,6450.0,5523.0,327.0,0.586,0.308,0.605,24.7,12.6,10.8,0.6,52.0,0.197,2.5,14.5,2010,hassanwhiteside
34,POR,Armon Johnson,Nevada,2.0,47.0,401.0,157.0,49.0,56.0,0.458,0.4,0.679,8.5,3.3,1.0,1.2,-0.1,-0.015,-4.1,-0.2,2010,armonjohnson
35,WAS,Nemanja Bjelica,,7.0,449.0,9173.0,3412.0,2051.0,826.0,0.466,0.384,0.759,20.4,7.6,4.6,1.8,20.0,0.104,0.3,5.4,2010,nemanjabjelica
36,DET,Terrico White,Ole Miss,0.0,0.0,0.0,0.0,0.0,0.0,,,,,,,,0.0,,0.0,0.0,2010,terricowhite
37,MIL,Darington Hobson,New Mexico,1.0,5.0,39.0,4.0,3.0,6.0,0.154,0.0,,7.8,0.8,0.6,1.2,-0.2,-0.225,-13.0,-0.1,2010,daringtonhobson
38,NYK,Andy Rautins,Syracuse,1.0,5.0,24.0,8.0,1.0,3.0,0.429,0.25,0.5,4.8,1.6,0.2,0.6,-0.2,-0.314,-13.2,-0.1,2010,andyrautins
39,NYK,Landry Fields,Stanford,5.0,255.0,6010.0,1731.0,1092.0,419.0,0.473,0.332,0.666,23.6,6.8,4.3,1.6,10.5,0.084,-0.3,2.6,2010,landryfields
40,IND,Lance Stephenson,Cincinnati,10.0,554.0,12680.0,4738.0,2251.0,1621.0,0.445,0.314,0.694,22.9,8.6,4.1,2.9,17.5,0.066,-1.3,2.3,2010,lancestephenson
41,MIA,Jarvis Varnado,Mississippi State,2.0,37.0,397.0,107.0,72.0,16.0,0.582,,0.518,10.7,2.9,1.9,0.4,0.7,0.089,-3.3,-0.1,2010,jarvisvarnado
42,MIA,Da'Sean Butler,West Virginia,0.0,0.0,0.0,0.0,0.0,0.0,,,,,,,,0.0,,0.0,0.0,2010,da'seanbutler
43,LAL,Devin Ebanks,West Virginia,3.0,63.0,711.0,224.0,122.0,24.0,0.385,0.222,0.722,11.3,3.6,1.9,0.4,0.5,0.035,-4.8,-0.5,2010,devinebanks
44,MIL,Jerome Jordan,Tulsa,2.0,65.0,491.0,180.0,132.0,17.0,0.528,,0.852,7.6,2.8,2.0,0.3,1.7,0.168,-1.0,0.1,2010,jeromejordan
45,MIN,Paulão Prestes,,0.0,0.0,0.0,0.0,0.0,0.0,,,,,,,,0.0,,0.0,0.0,2010,paulaoprestes
46,PHO,Gani Lawal,Georgia Tech,1.0,1.0,2.0,0.0,0.0,0.0,,,,2.0,0.0,0.0,0.0,0.0,-0.009,-15.0,0.0,2010,ganilawal
47,MIL,Tiny Gallon,Oklahoma,0.0,0.0,0.0,0.0,0.0,0.0,,,,,,,,0.0,,0.0,0.0,2010,tinygallon
48,MIA,Latavious Williams,,0.0,0.0,0.0,0.0,0.0,0.0,,,,,,,,0.0,,0.0,0.0,2010,lataviouswilliams
49,SAS,Ryan Richards,,0.0,0.0,0.0,0.0,0.0,0.0,,,,,,,,0.0,,0.0,0.0,2010,ryanrichards
50,DAL,Solomon Alabi,Florida State,2.0,26.0,181.0,39.0,61.0,5.0,0.314,,0.7,7.0,1.5,2.3,0.2,0.0,0.01,-4.4,-0.1,2010,solomonalabi
51,OKC,Magnum Rolle,Louisiana Tech,0.0,0.0,0.0,0.0,0.0,0.0,,,,,,,,0.0,,0.0,0.0,2010,magnumrolle
52,BOS,Luke Harangody,Notre Dame,2.0,70.0,871.0,253.0,196.0,36.0,0.376,0.241,0.737,12.4,3.6,2.8,0.5,0.9,0.048,-3.5,-0.3,2010,lukeharangody
53,ATL,Pape Sy,,1.0,3.0,21.0,7.0,3.0,2.0,0.333,0.0,1.0,7.0,2.3,1.0,0.7,0.0,-0.047,-6.0,0.0,2010,papesy
54,LAC,Willie Warren,Oklahoma,1.0,19.0,134.0,37.0,12.0,27.0,0.371,0.333,0.75,7.1,1.9,0.6,1.4,0.2,0.065,-2.7,0.0,2010,williewarren
55,UTA,Jeremy Evans,Western Kentucky,7.0,250.0,2626.0,879.0,641.0,107.0,0.569,0.231,0.687,10.5,3.5,2.6,0.4,8.2,0.15,0.9,1.9,2010,jeremyevans
56,MIN,Hamady N'Diaye,Rutgers University,3.0,33.0,157.0,20.0,25.0,3.0,0.467,,0.462,4.8,0.6,0.8,0.1,0.0,0.013,-7.3,-0.2,2010,hamadyn'diaye
57,IND,Ryan Reid,Florida State,1.0,5.0,17.0,8.0,2.0,0.0,0.8,,,3.4,1.6,0.4,0.0,0.1,0.142,-2.0,0.0,2010,ryanreid
58,LAL,Derrick Caracter,Texas-El Paso,1.0,41.0,215.0,81.0,43.0,7.0,0.485,,0.739,5.2,2.0,1.0,0.2,0.3,0.057,-7.1,-0.3,2010,derrickcaracter
59,ORL,Stanley Robinson,UConn,0.0,0.0,0.0,0.0,0.0,0.0,,,,,,,,0.0,,0.0,0.0,2010,stanleyrobinson
60,PHO,Dwayne Collins,Miami (FL),0.0,0.0,0.0,0.0,0.0,0.0,,,,,,,,0.0,,0.0,0.0,2010,dwaynecollins
1,CLE,Kyrie Irving,Duke,14.0,779.0,26879.0,18433.0,3173.0,4364.0,0.474,0.394,0.888,34.5,23.7,4.1,5.6,91.0,0.163,4.5,43.7,2011,kyrieirving
2,MIN,Derrick Williams,Arizona,7.0,428.0,8864.0,3809.0,1693.0,293.0,0.434,0.3,0.71,20.7,8.9,4.0,0.7,14.1,0.076,-1.6,0.8,2011,derrickwilliams
3,UTA,Enes Freedom,,11.0,748.0,16101.0,8349.0,5822.0,638.0,0.548,0.289,0.777,21.5,11.2,7.8,0.9,52.8,0.157,-0.1,7.6,2011,enesfreedom
4,CLE,Tristan Thompson,Texas,13.0,819.0,20432.0,6822.0,6428.0,800.0,0.52,0.238,0.592,24.9,8.3,7.8,1.0,49.3,0.116,-1.7,1.3,2011,tristanthompson
5,TOR,Jonas Valančiūnas,,14.0,1002.0,24429.0,12846.0,9052.0,1379.0,0.561,0.34,0.793,24.4,12.8,9.0,1.4,87.6,0.172,0.9,18.2,2011,jonasvalanciunas
6,WAS,Jan Veselý,,3.0,162.0,2455.0,590.0,562.0,96.0,0.521,0.0,0.408,15.2,3.6,3.5,0.6,4.0,0.078,-2.6,-0.4,2011,janvesely
7,SAC,Bismack Biyombo,,15.0,892.0,17053.0,4418.0,5135.0,587.0,0.537,0.0,0.552,19.1,5.0,5.8,0.7,33.3,0.094,-2.6,-2.6,2011,bismackbiyombo
8,DET,Brandon Knight,Kentucky,9.0,451.0,13202.0,6301.0,1385.0,1777.0,0.411,0.352,0.807,29.3,14.0,3.1,3.9,11.6,0.042,-1.6,1.4,2011,brandonknight
9,CHA,Kemba Walker,UConn,12.0,750.0,24810.0,14486.0,2831.0,3938.0,0.418,0.36,0.84,33.1,19.3,3.8,5.3,59.8,0.116,2.8,29.8,2011,kembawalker
10,MIL,Jimmer Fredette,BYU,6.0,241.0,3213.0,1438.0,243.0,331.0,0.409,0.372,0.879,13.3,6.0,1.0,1.4,2.2,0.033,-2.5,-0.4,2011,jimmerfredette
11,GSW,Klay Thompson,Washington State,13.0,934.0,29306.0,17346.0,3184.0,2084.0,0.448,0.409,0.858,31.4,18.6,3.4,2.2,57.6,0.094,0.4,17.6,2011,klaythompson
12,UTA,Alec Burks,Colorado,14.0,791.0,17576.0,8346.0,2642.0,1521.0,0.415,0.386,0.805,22.2,10.6,3.3,1.9,31.7,0.087,-0.5,6.6,2011,alecburks
13,PHO,Markieff Morris,Kansas,14.0,791.0,18460.0,8076.0,3847.0,1221.0,0.443,0.341,0.779,23.3,10.2,4.9,1.5,27.3,0.071,-1.5,2.3,2011,markieffmorris
14,HOU,Marcus Morris,Kansas,13.0,832.0,22093.0,9965.0,3690.0,1235.0,0.435,0.377,0.774,26.6,12.0,4.4,1.5,39.4,0.086,-0.8,6.7,2011,marcusmorris
15,IND,Kawhi Leonard,San Diego State,14.0,798.0,25368.0,16546.0,5075.0,2470.0,0.499,0.391,0.863,31.8,20.7,6.4,3.1,111.9,0.212,6.6,55.2,2011,kawhileonard
16,PHI,Nikola Vučević,USC,15.0,1036.0,32321.0,17684.0,10707.0,3025.0,0.497,0.35,0.773,31.2,17.1,10.3,2.9,84.3,0.125,2.1,33.2,2011,nikolavucevic
17,NYK,Iman Shumpert,Georgia Tech,10.0,461.0,11470.0,3320.0,1534.0,845.0,0.391,0.337,0.764,24.9,7.2,3.3,1.8,12.9,0.054,-1.7,0.9,2011,imanshumpert
18,WAS,Chris Singleton,Florida State,3.0,148.0,2605.0,612.0,472.0,92.0,0.376,0.319,0.633,17.6,4.1,3.2,0.6,2.3,0.042,-3.2,-0.8,2011,chrissingleton
19,CHA,Tobias Harris,Tennessee,15.0,1033.0,32474.0,16440.0,6292.0,2450.0,0.478,0.366,0.838,31.4,15.9,6.1,2.4,80.6,0.119,1.0,24.3,2011,tobiasharris
20,MIN,Donatas Motiejūnas,,6.0,251.0,4566.0,1832.0,952.0,269.0,0.469,0.3,0.597,18.2,7.3,3.8,1.1,7.1,0.075,-2.5,-0.5,2011,donatasmotiejunas
21,POR,Nolan Smith,Duke,2.0,84.0,829.0,277.0,83.0,97.0,0.371,0.26,0.714,9.9,3.3,1.0,1.2,-0.8,-0.047,-6.0,-0.8,2011,nolansmith
22,DEN,Kenneth Faried,Morehead State University,8.0,478.0,11728.0,5430.0,3884.0,470.0,0.546,0.222,0.654,24.5,11.4,8.1,1.0,38.8,0.159,0.5,7.5,2011,kennethfaried
23,HOU,Nikola Mirotić,,5.0,319.0,7718.0,3910.0,1894.0,407.0,0.423,0.359,0.808,24.2,12.3,5.9,1.3,20.8,0.129,1.6,7.1,2011,nikolamirotic
24,OKC,Reggie Jackson,Boston College,14.0,884.0,21859.0,10845.0,2463.0,3606.0,0.423,0.345,0.854,24.7,12.3,2.8,4.1,36.3,0.08,-0.6,7.5,2011,reggiejackson
25,BOS,MarShon Brooks,Providence,5.0,200.0,3456.0,1592.0,424.0,282.0,0.447,0.345,0.751,17.3,8.0,2.1,1.4,3.3,0.046,-1.6,0.4,2011,marshonbrooks
26,DAL,Jordan Hamilton,Texas,5.0,151.0,2100.0,890.0,429.0,127.0,0.408,0.357,0.67,13.9,5.9,2.8,0.8,3.0,0.069,-0.1,1.0,2011,jordanhamilton
27,NJN,JaJuan Johnson,Purdue,1.0,36.0,298.0,114.0,58.0,6.0,0.446,,0.667,8.3,3.2,1.6,0.2,0.2,0.032,-3.9,-0.1,2011,jajuanjohnson
28,CHI,Norris Cole,Cleveland State University,6.0,360.0,8018.0,2506.0,702.0,981.0,0.407,0.324,0.743,22.3,7.0,2.0,2.7,3.0,0.018,-4.1,-4.1,2011,norriscole
29,SAS,Cory Joseph,Texas,14.0,866.0,18296.0,5828.0,2094.0,2517.0,0.44,0.35,0.786,21.1,6.7,2.4,2.9,32.1,0.084,-1.1,4.0,2011,coryjoseph
30,CHI,Jimmy Butler,Marquette,15.0,907.0,29972.0,16658.0,4858.0,3957.0,0.474,0.33,0.844,33.0,18.4,5.4,4.4,129.4,0.207,5.0,52.8,2011,jimmybutler
31,MIA,Bojan Bogdanović,,10.0,719.0,20890.0,11184.0,2559.0,1194.0,0.46,0.394,0.859,29.1,15.6,3.6,1.7,37.6,0.086,-0.9,5.8,2011,bojanbogdanovic
32,CLE,Justin Harper,Richmond,3.0,22.0,150.0,45.0,18.0,4.0,0.34,0.276,0.333,6.8,2.0,0.8,0.2,-0.3,-0.093,-8.7,-0.2,2011,justinharper
33,DET,Kyle Singler,Duke,6.0,356.0,7794.0,2326.0,1026.0,272.0,0.418,0.362,0.786,21.9,6.5,2.9,0.8,10.0,0.062,-2.5,-0.9,2011,kylesingler
34,WAS,Shelvin Mack,Butler,8.0,456.0,8392.0,2997.0,894.0,1421.0,0.423,0.33,0.731,18.4,6.6,2.0,3.1,10.3,0.059,-1.9,0.1,2011,shelvinmack
35,SAC,Tyler Honeycutt,UCLA,2.0,24.0,120.0,28.0,24.0,9.0,0.314,0.2,0.714,5.0,1.2,1.0,0.4,-0.1,-0.049,-5.1,-0.1,2011,tylerhoneycutt
36,NJN,Jordan Williams,Maryland,1.0,43.0,635.0,197.0,156.0,11.0,0.507,,0.652,14.8,4.6,3.6,0.3,1.3,0.101,-2.1,0.0,2011,jordanwilliams
37,LAC,Trey Thompkins,Georgia,1.0,24.0,119.0,57.0,24.0,3.0,0.393,0.308,0.714,5.0,2.4,1.0,0.1,0.0,0.004,-5.7,-0.1,2011,treythompkins
38,HOU,Chandler Parsons,Florida,9.0,440.0,13246.0,5571.0,1972.0,1201.0,0.462,0.373,0.713,30.1,12.7,4.5,2.7,28.9,0.105,1.1,10.2,2011,chandlerparsons
39,CHA,Jeremy Tyler,,3.0,104.0,1034.0,373.0,269.0,25.0,0.45,0.0,0.557,9.9,3.6,2.6,0.2,0.3,0.014,-7.0,-1.3,2011,jeremytyler
40,MIL,Jon Leuer,Wisconsin,8.0,377.0,5945.0,2395.0,1426.0,301.0,0.484,0.328,0.767,15.8,6.4,3.8,0.8,13.2,0.107,-0.7,2.0,2011,jonleuer
41,LAL,Darius Morris,Michigan,4.0,132.0,1464.0,430.0,126.0,189.0,0.384,0.322,0.63,11.1,3.3,1.0,1.4,-0.3,-0.01,-5.1,-1.2,2011,dariusmorris
42,IND,Dāvis Bertāns,,8.0,475.0,8545.0,3661.0,1159.0,448.0,0.422,0.396,0.863,18.0,7.7,2.4,0.9,18.6,0.105,0.2,4.7,2011,davisbertans
43,CHI,Malcolm Lee,UCLA,3.0,36.0,534.0,140.0,65.0,51.0,0.382,0.294,0.703,14.8,3.9,1.8,1.4,0.4,0.04,-2.5,-0.1,2011,malcolmlee
44,GSW,Charles Jenkins,Hofstra,2.0,110.0,1334.0,408.0,100.0,214.0,0.434,0.182,0.754,12.1,3.7,0.9,1.9,0.5,0.017,-4.5,-0.8,2011,charlesjenkins
45,NOH,Josh Harrellson,Kentucky,3.0,75.0,888.0,265.0,227.0,26.0,0.438,0.347,0.629,11.8,3.5,3.0,0.3,2.1,0.116,-0.4,0.4,2011,joshharrellson
46,LAL,Andrew Goudelock,College of Charleston,3.0,49.0,475.0,197.0,34.0,24.0,0.393,0.345,0.875,9.7,4.0,0.7,0.5,0.0,0.003,-5.0,-0.3,2011,andrewgoudelock
47,LAC,Travis Leslie,Georgia,1.0,10.0,45.0,14.0,9.0,5.0,0.357,,0.444,4.5,1.4,0.9,0.5,0.1,0.06,-0.3,0.0,2011,travisleslie
48,ATL,Keith Benson,Oakland,1.0,3.0,9.0,0.0,3.0,0.0,0.0,,,3.0,0.0,1.0,0.0,0.0,-0.005,-7.7,0.0,2011,keithbenson
49,MEM,Josh Selby,Kansas,2.0,38.0,296.0,83.0,20.0,34.0,0.33,0.143,0.72,7.8,2.2,0.5,0.9,-0.7,-0.113,-9.5,-0.6,2011,joshselby
50,PHI,Lavoy Allen,Temple,6.0,388.0,6905.0,1847.0,1843.0,384.0,0.471,0.133,0.682,17.8,4.8,4.8,1.0,13.8,0.096,-2.1,-0.1,2011,lavoyallen
51,POR,Jon Diebler,Ohio State,0.0,0.0,0.0,0.0,0.0,0.0,,,,,,,,0.0,,0.0,0.0,2011,jondiebler
52,DET,Vernon Macklin,Florida,1.0,23.0,135.0,46.0,34.0,5.0,0.543,,0.571,5.9,2.0,1.5,0.2,0.5,0.161,1.2,0.1,2011,vernonmacklin
53,ORL,DeAndre Liggins,Kentucky,5.0,177.0,1907.0,346.0,252.0,122.0,0.402,0.352,0.549,10.8,2.0,1.4,0.7,1.6,0.04,-2.2,-0.1,2011,deandreliggins
54,CLE,Milan Mačvan,,0.0,0.0,0.0,0.0,0.0,0.0,,,,,,,,0.0,,0.0,0.0,2011,milanmacvan
55,BOS,E'Twaun Moore,Purdue,10.0,598.0,12564.0,4743.0,1208.0,1055.0,0.455,0.388,0.742,21.0,7.9,2.0,1.8,14.8,0.057,-1.9,0.2,2011,e'twaunmoore
56,LAL,Chukwudiebere Maduabum,,0.0,0.0,0.0,0.0,0.0,0.0,,,,,,,,0.0,,0.0,0.0,2011,chukwudieberemaduabum
57,DAL,Tanguy Ngombo,,0.0,0.0,0.0,0.0,0.0,0.0,,,,,,,,0.0,,0.0,0.0,2011,tanguyngombo
58,LAL,Ater Majok,,0.0,0.0,0.0,0.0,0.0,0.0,,,,,,,,0.0,,0.0,0.0,2011,atermajok
59,SAS,Ádám Hanga,,0.0,0.0,0.0,0.0,0.0,0.0,,,,,,,,0.0,,0.0,0.0,2011,adamhanga
60,SAC,Isaiah Thomas,Washington,12.0,556.0,15582.0,9723.0,1321.0,2641.0,0.434,0.363,0.872,28.0,17.5,2.4,4.8,45.3,0.14,2.1,16.1,2011,isaiahthomas
1,NOH,Anthony Davis,Kentucky,14.0,807.0,27741.0,19385.0,8637.0,2065.0,0.522,0.295,0.793,34.4,24.0,10.7,2.6,120.1,0.208,5.8,54.9,2012,anthonydavis
2,CHA,Michael Kidd-Gilchrist,Kentucky,8.0,446.0,10978.0,3750.0,2420.0,515.0,0.474,0.272,0.715,24.6,8.4,5.4,1.2,21.0,0.092,-1.8,0.6,2012,michaelkidd-gilchrist
3,WAS,Bradley Beal,Florida,14.0,807.0,27681.0,17306.0,3251.0,3442.0,0.464,0.376,0.821,34.3,21.4,4.0,4.3,58.4,0.101,1.4,23.7,2012,bradleybeal
4,CLE,Dion Waiters,Syracuse,8.0,419.0,11835.0,5505.0,1108.0,1163.0,0.412,0.346,0.694,28.2,13.1,2.6,2.8,8.8,0.036,-2.1,-0.4,2012,dionwaiters
5,SAC,Thomas Robinson,Kansas,5.0,313.0,4204.0,1528.0,1507.0,190.0,0.47,0.0,0.505,13.4,4.9,4.8,0.6,4.6,0.053,-3.5,-1.6,2012,thomasrobinson
6,POR,Damian Lillard,Weber State,13.0,900.0,32614.0,22598.0,3845.0,6069.0,0.439,0.371,0.899,36.2,25.1,4.3,6.7,118.4,0.174,4.6,54.5,2012,damianlillard
7,GSW,Harrison Barnes,UNC,14.0,1070.0,33015.0,14572.0,4955.0,1887.0,0.46,0.385,0.811,30.9,13.6,4.6,1.8,66.4,0.097,-0.8,10.0,2012,harrisonbarnes
8,TOR,Terrence Ross,Washington,11.0,733.0,17956.0,8047.0,2061.0,936.0,0.418,0.362,0.837,24.5,11.0,2.8,1.3,25.0,0.067,-1.0,4.5,2012,terrenceross
9,DET,Andre Drummond,UConn,14.0,967.0,25451.0,11696.0,11513.0,1187.0,0.539,0.217,0.489,26.3,12.1,11.9,1.2,80.0,0.151,1.0,18.9,2012,andredrummond
10,NOH,Austin Rivers,Duke,11.0,707.0,16858.0,5996.0,1442.0,1513.0,0.419,0.349,0.653,23.8,8.5,2.0,2.1,15.2,0.043,-3.1,-4.5,2012,austinrivers
11,POR,Meyers Leonard,Illinois,10.0,456.0,7272.0,2545.0,1771.0,396.0,0.482,0.39,0.812,15.9,5.6,3.9,0.9,15.8,0.104,-1.5,1.0,2012,meyersleonard
12,HOU,Jeremy Lamb,UConn,10.0,573.0,11896.0,5805.0,2073.0,904.0,0.439,0.342,0.857,20.8,10.1,3.6,1.6,26.8,0.108,0.6,7.9,2012,jeremylamb
13,PHO,Kendall Marshall,UNC,4.0,160.0,3083.0,802.0,253.0,779.0,0.399,0.37,0.611,19.3,5.0,1.6,4.9,1.0,0.015,-3.5,-1.1,2012,kendallmarshall
14,MIL,John Henson,UNC,8.0,445.0,8752.0,3383.0,2368.0,496.0,0.54,0.25,0.568,19.7,7.6,5.3,1.1,20.7,0.113,-0.5,3.4,2012,johnhenson
15,PHI,Maurice Harkless,St. John's,10.0,621.0,14019.0,4259.0,2198.0,572.0,0.474,0.32,0.624,22.6,6.9,3.5,0.9,23.0,0.079,-0.8,4.1,2012,mauriceharkless
16,HOU,Royce White,Iowa State,1.0,3.0,9.0,0.0,0.0,0.0,0.0,,,3.0,0.0,0.0,0.0,0.0,-0.121,-16.9,0.0,2012,roycewhite
17,DAL,Tyler Zeller,UNC,8.0,414.0,7254.0,2873.0,1820.0,367.0,0.508,0.286,0.764,17.5,6.9,4.4,0.9,17.1,0.113,-2.0,0.0,2012,tylerzeller
18,HOU,Terrence Jones,Kentucky,6.0,234.0,5562.0,2431.0,1334.0,238.0,0.501,0.297,0.621,23.8,10.4,5.7,1.0,14.7,0.127,0.5,3.6,2012,terrencejones
19,ORL,Andrew Nicholson,St. Bonaventure,5.0,285.0,4080.0,1700.0,857.0,126.0,0.467,0.321,0.773,14.3,6.0,3.0,0.4,3.8,0.045,-3.6,-1.6,2012,andrewnicholson
20,DEN,Evan Fournier,,12.0,704.0,19514.0,9607.0,1878.0,1759.0,0.441,0.374,0.799,27.7,13.6,2.7,2.5,30.5,0.075,-1.1,4.3,2012,evanfournier
21,BOS,Jared Sullinger,Ohio State,5.0,269.0,6532.0,2893.0,2006.0,477.0,0.436,0.272,0.723,24.3,10.8,7.5,1.8,15.3,0.113,-0.4,2.7,2012,jaredsullinger
22,BOS,Fab Melo,Syracuse,1.0,6.0,36.0,7.0,3.0,0.0,0.5,,0.25,6.0,1.2,0.5,0.0,0.0,0.021,-7.6,-0.1,2012,fabmelo
23,ATL,John Jenkins,Vanderbilt,6.0,171.0,2183.0,855.0,250.0,138.0,0.441,0.367,0.847,12.8,5.0,1.5,0.8,3.0,0.065,-1.9,0.1,2012,johnjenkins
24,CLE,Jared Cunningham,Oregon State,4.0,84.0,605.0,197.0,56.0,39.0,0.347,0.306,0.674,7.2,2.3,0.7,0.5,0.2,0.017,-5.7,-0.6,2012,jaredcunningham
25,MEM,Tony Wroten,Washington,4.0,145.0,3076.0,1604.0,363.0,437.0,0.413,0.231,0.647,21.2,11.1,2.5,3.0,-1.3,-0.021,-3.4,-1.1,2012,tonywroten
26,IND,Miles Plumlee,Duke,7.0,346.0,5658.0,1697.0,1562.0,178.0,0.542,,0.543,16.4,4.9,4.5,0.5,10.6,0.09,-1.9,0.2,2012,milesplumlee
27,MIA,Arnett Moultrie,Mississippi State,2.0,59.0,729.0,210.0,180.0,12.0,0.547,,0.667,12.4,3.6,3.1,0.2,1.7,0.113,-2.8,-0.1,2012,arnettmoultrie
28,OKC,Perry Jones,Baylor,3.0,143.0,1675.0,488.0,252.0,54.0,0.42,0.293,0.66,11.7,3.4,1.8,0.4,1.7,0.048,-3.5,-0.6,2012,perryjones
29,CHI,Marquis Teague,Kentucky,3.0,91.0,909.0,217.0,90.0,134.0,0.343,0.222,0.661,10.0,2.4,1.0,1.5,-0.9,-0.045,-6.5,-1.0,2012,marquisteague
30,GSW,Festus Ezeli,Vanderbilt,3.0,170.0,2394.0,712.0,725.0,63.0,0.513,,0.557,14.1,4.2,4.3,0.4,5.9,0.119,-2.0,0.0,2012,festusezeli
31,CHA,Jeff Taylor,Vanderbilt,3.0,132.0,2566.0,807.0,263.0,107.0,0.409,0.319,0.665,19.4,6.1,2.0,0.8,1.3,0.024,-4.2,-1.5,2012,jefftaylor
32,WAS,Tomáš Satoranský,,6.0,388.0,8617.0,2676.0,1117.0,1586.0,0.468,0.354,0.82,22.2,6.9,2.9,4.1,17.9,0.1,-0.9,2.4,2012,tomassatoransky
33,CLE,Bernard James,Florida State,3.0,92.0,761.0,203.0,212.0,13.0,0.497,0.0,0.68,8.3,2.2,2.3,0.1,1.9,0.117,-1.8,0.0,2012,bernardjames
34,CLE,Jae Crowder,Marquette,13.0,812.0,20161.0,7515.0,3391.0,1281.0,0.418,0.347,0.777,24.8,9.3,4.2,1.6,43.0,0.102,0.1,10.9,2012,jaecrowder
35,GSW,Draymond Green,Michigan State,14.0,949.0,27151.0,8235.0,6462.0,5324.0,0.447,0.321,0.71,28.6,8.7,6.8,5.6,66.3,0.117,2.1,27.9,2012,draymondgreen
36,SAC,Orlando Johnson,UC Santa Barbara,3.0,103.0,1112.0,329.0,180.0,69.0,0.358,0.311,0.727,10.8,3.2,1.7,0.7,1.4,0.059,-2.4,-0.1,2012,orlandojohnson
37,TOR,Quincy Acy,Baylor,7.0,337.0,5392.0,1642.0,1179.0,217.0,0.444,0.35,0.759,16.0,4.9,3.5,0.6,8.7,0.078,-2.0,-0.1,2012,quincyacy
38,DEN,Quincy Miller,Baylor,3.0,69.0,934.0,295.0,169.0,37.0,0.35,0.292,0.706,13.5,4.3,2.4,0.5,-0.1,-0.003,-3.9,-0.5,2012,quincymiller
39,DET,Khris Middleton,Texas A&M,14.0,839.0,25262.0,13541.0,3931.0,3242.0,0.458,0.385,0.878,30.1,16.1,4.7,3.9,58.2,0.111,0.5,15.7,2012,khrismiddleton
40,POR,Will Barton,Memphis,11.0,679.0,17116.0,7625.0,2792.0,1817.0,0.43,0.355,0.787,25.2,11.2,4.1,2.7,26.5,0.074,-0.4,6.9,2012,willbarton
41,POR,Tyshawn Taylor,Kansas,2.0,61.0,491.0,174.0,33.0,57.0,0.354,0.36,0.684,8.0,2.9,0.5,0.9,-0.9,-0.088,-8.1,-0.8,2012,tyshawntaylor
42,MIL,Doron Lamb,Kentucky,2.0,100.0,1272.0,345.0,95.0,75.0,0.381,0.394,0.7,12.7,3.5,1.0,0.8,0.1,0.005,-5.8,-1.2,2012,doronlamb
43,ATL,Mike Scott,Virginia,9.0,555.0,9182.0,3736.0,1727.0,499.0,0.453,0.362,0.757,16.5,6.7,3.1,0.9,16.8,0.088,-1.7,0.6,2012,mikescott
44,DET,Kim English,Missouri,1.0,41.0,407.0,119.0,37.0,26.0,0.375,0.28,0.724,9.9,2.9,0.9,0.6,0.2,0.021,-4.2,-0.2,2012,kimenglish
45,PHI,Justin Hamilton,LSU,3.0,113.0,1961.0,687.0,403.0,91.0,0.464,0.309,0.798,17.4,6.1,3.6,0.8,3.7,0.091,-0.9,0.5,2012,justinhamilton
46,NOH,Darius Miller,Kentucky,6.0,271.0,5358.0,1597.0,447.0,367.0,0.419,0.383,0.84,19.8,5.9,1.6,1.4,6.5,0.059,-2.3,-0.4,2012,dariusmiller
47,UTA,Kevin Murphy,Tennessee Technological University,1.0,17.0,52.0,15.0,4.0,2.0,0.25,0.2,,3.1,0.9,0.2,0.1,-0.3,-0.272,-16.8,-0.2,2012,kevinmurphy
48,NYK,Kostas Papanikolaou,,2.0,69.0,1089.0,249.0,158.0,101.0,0.354,0.297,0.688,15.8,3.6,2.3,1.5,0.3,0.015,-2.7,-0.2,2012,kostaspapanikolaou
49,ORL,Kyle O'Quinn,Norfolk State,8.0,472.0,6714.0,2568.0,2166.0,643.0,0.517,0.218,0.74,14.2,5.4,4.6,1.4,17.8,0.128,0.9,5.0,2012,kyleo'quinn
50,DEN,İzzet Türkyılmaz,,0.0,0.0,0.0,0.0,0.0,0.0,,,,,,,,0.0,,0.0,0.0,2012,izzetturkyılmaz
51,BOS,Kris Joseph,Syracuse,1.0,10.0,54.0,9.0,7.0,1.0,0.143,0.0,0.625,5.4,0.9,0.7,0.1,-0.1,-0.127,-9.9,-0.1,2012,krisjoseph
52,GSW,Ognjen Kuzmić,,2.0,37.0,164.0,35.0,38.0,8.0,0.52,,0.6,4.4,0.9,1.0,0.2,0.2,0.061,-5.6,-0.2,2012,ognjenkuzmic
53,LAC,Furkan Aldemir,,1.0,41.0,540.0,93.0,176.0,28.0,0.513,0.0,0.481,13.2,2.3,4.3,0.7,1.4,0.122,-3.6,-0.2,2012,furkanaldemir
54,PHI,Tornike Shengelia,,2.0,45.0,247.0,59.0,39.0,17.0,0.451,0.125,0.5,5.5,1.3,0.9,0.4,-0.2,-0.032,-7.0,-0.3,2012,tornikeshengelia
55,DAL,Darius Johnson-Odom,Marquette,2.0,7.0,21.0,0.0,6.0,2.0,0.0,0.0,0.0,3.0,0.0,0.9,0.3,-0.3,-0.597,-25.5,-0.1,2012,dariusjohnson-odom
56,TOR,Tomislav Zubčić,,0.0,0.0,0.0,0.0,0.0,0.0,,,,,,,,0.0,,0.0,0.0,2012,tomislavzubcic
57,NJN,İlkan Karaman,,0.0,0.0,0.0,0.0,0.0,0.0,,,,,,,,0.0,,0.0,0.0,2012,ilkankaraman
58,MIN,Robbie Hummel,Purdue,2.0,98.0,1397.0,379.0,266.0,50.0,0.418,0.343,0.867,14.3,3.9,2.7,0.5,1.9,0.066,-3.1,-0.4,2012,robbiehummel
59,SAS,Marcus Denmon,Missouri,0.0,0.0,0.0,0.0,0.0,0.0,,,,,,,,0.0,,0.0,0.0,2012,marcusdenmon
60,LAL,Robert Sacre,Gonzaga,4.0,189.0,2745.0,787.0,593.0,126.0,0.436,0.0,0.671,14.5,4.2,3.1,0.7,2.4,0.042,-4.0,-1.4,2012,robertsacre
1,CLE,Anthony Bennett,UNLV,4.0,151.0,1905.0,658.0,472.0,77.0,0.392,0.261,0.67,12.6,4.4,3.1,0.5,0.5,0.013,-4.8,-1.3,2013,anthonybennett
2,ORL,Victor Oladipo,Indiana,10.0,504.0,16247.0,8503.0,2245.0,1970.0,0.436,0.347,0.788,32.2,16.9,4.5,3.9,25.6,0.076,0.7,11.0,2013,victoroladipo
3,WAS,Otto Porter Jr.,Georgetown,11.0,527.0,13400.0,5419.0,2599.0,783.0,0.477,0.397,0.797,25.4,10.3,4.9,1.5,36.7,0.132,1.7,12.5,2013,ottoporterjr.
4,CHA,Cody Zeller,Indiana,11.0,552.0,11510.0,4376.0,3125.0,740.0,0.52,0.22,0.727,20.9,7.9,5.7,1.3,33.5,0.14,-0.7,3.9,2013,codyzeller
5,PHO,Alex Len,Maryland,12.0,690.0,11754.0,4608.0,3624.0,589.0,0.51,0.322,0.678,17.0,6.7,5.3,0.9,23.9,0.097,-1.9,0.3,2013,alexlen
6,NOH,Nerlens Noel,Kentucky,9.0,467.0,10281.0,3338.0,2835.0,501.0,0.546,0.2,0.655,22.0,7.1,6.1,1.1,28.3,0.132,0.9,7.4,2013,nerlensnoel
7,SAC,Ben McLemore,Kansas,9.0,556.0,12534.0,5015.0,1269.0,563.0,0.414,0.363,0.78,22.5,9.0,2.3,1.0,9.0,0.035,-3.1,-3.4,2013,benmclemore
8,DET,Kentavious Caldwell-Pope,Georgia,13.0,963.0,28124.0,10600.0,2833.0,1791.0,0.427,0.365,0.826,29.2,11.0,2.9,1.9,49.2,0.084,-1.0,7.2,2013,kentaviouscaldwell-pope
9,MIN,Trey Burke,Michigan,9.0,498.0,10401.0,4792.0,878.0,1522.0,0.41,0.345,0.81,20.9,9.6,1.8,3.1,12.9,0.06,-1.3,1.7,2013,treyburke
10,POR,CJ McCollum,Lehigh,13.0,863.0,27528.0,16838.0,3119.0,3298.0,0.453,0.395,0.796,31.9,19.5,3.6,3.8,54.9,0.096,1.1,21.5,2013,cjmccollum
11,PHI,Michael Carter-Williams,Syracuse,9.0,395.0,9942.0,4040.0,1718.0,1708.0,0.402,0.256,0.705,25.2,10.2,4.3,4.3,6.6,0.032,-1.2,1.8,2013,michaelcarter-williams
12,OKC,Steven Adams,Pitt,12.0,796.0,20468.0,6930.0,6391.0,1193.0,0.584,0.059,0.534,25.7,8.7,8.0,1.5,63.7,0.149,0.5,12.9,2013,stevenadams
13,DAL,Kelly Olynyk,Gonzaga,13.0,842.0,18360.0,8272.0,4200.0,2024.0,0.486,0.369,0.794,21.8,9.8,5.0,2.4,47.1,0.123,0.8,13.1,2013,kellyolynyk
14,UTA,Shabazz Muhammad,UCLA,5.0,278.0,4772.0,2504.0,770.0,151.0,0.473,0.319,0.751,17.2,9.0,2.8,0.5,8.5,0.085,-2.0,0.0,2013,shabazzmuhammad
15,MIL,Giannis Antetokounmpo,,13.0,895.0,29273.0,21531.0,8882.0,4484.0,0.554,0.285,0.691,32.7,24.1,9.9,5.0,125.8,0.206,6.8,65.5,2013,giannisantetokounmpo
16,BOS,Lucas Nogueira,,4.0,141.0,1754.0,446.0,388.0,72.0,0.632,0.265,0.64,12.4,3.2,2.8,0.5,6.0,0.165,2.3,1.9,2013,lucasnogueira
17,ATL,Dennis Schröder,,13.0,912.0,24721.0,12494.0,2624.0,4438.0,0.43,0.341,0.836,27.1,13.7,2.9,4.9,34.2,0.066,-1.5,2.9,2013,dennisschroder
18,ATL,Shane Larkin,Miami (FL),4.0,256.0,4880.0,1399.0,490.0,737.0,0.422,0.336,0.777,19.1,5.5,1.9,2.9,4.4,0.044,-2.4,-0.6,2013,shanelarkin
19,CLE,Sergey Karasev,,3.0,95.0,1110.0,287.0,140.0,87.0,0.395,0.282,0.842,11.7,3.0,1.5,0.9,0.8,0.036,-3.4,-0.4,2013,sergeykarasev
20,CHI,Tony Snell,New Mexico,9.0,601.0,13092.0,3672.0,1371.0,669.0,0.431,0.394,0.846,21.8,6.1,2.3,1.1,18.5,0.068,-2.0,-0.1,2013,tonysnell
21,UTA,Gorgui Dieng,Louisville,10.0,628.0,12625.0,4591.0,3534.0,837.0,0.496,0.355,0.791,20.1,7.3,5.6,1.3,30.7,0.117,0.2,7.1,2013,gorguidieng
22,BRK,Mason Plumlee,Duke,13.0,880.0,18969.0,6949.0,5820.0,2065.0,0.596,0.039,0.577,21.6,7.9,6.6,2.3,58.4,0.148,1.2,15.2,2013,masonplumlee
23,IND,Solomon Hill,Arizona,9.0,448.0,9652.0,2453.0,1399.0,662.0,0.388,0.331,0.797,21.5,5.5,3.1,1.5,11.9,0.059,-2.1,-0.3,2013,solomonhill
24,NYK,Tim Hardaway Jr.,Michigan,13.0,893.0,24389.0,12230.0,2544.0,1594.0,0.419,0.365,0.815,27.3,13.7,2.8,1.8,38.2,0.075,-1.2,5.2,2013,timhardawayjr.
25,LAC,Reggie Bullock,UNC,11.0,556.0,12556.0,4039.0,1451.0,647.0,0.424,0.385,0.827,22.6,7.3,2.6,1.2,21.4,0.082,-1.2,2.6,2013,reggiebullock
26,MIN,Andre Roberson,Colorado,7.0,307.0,6801.0,1382.0,1230.0,265.0,0.473,0.253,0.468,22.2,4.5,4.0,0.9,12.6,0.089,-0.6,2.3,2013,andreroberson
27,DEN,Rudy Gobert,,13.0,905.0,27811.0,11287.0,10572.0,1251.0,0.658,0.0,0.633,30.7,12.5,11.7,1.4,124.9,0.216,3.1,35.8,2013,rudygobert
28,SAS,Livio Jean-Charles,,0.0,0.0,0.0,0.0,0.0,0.0,,,,,,,,0.0,,0.0,0.0,2013,liviojean-charles
29,OKC,Archie Goodwin,Kentucky,4.0,165.0,2396.0,1040.0,331.0,206.0,0.429,0.236,0.7,14.5,6.3,2.0,1.2,1.1,0.022,-3.0,-0.6,2013,archiegoodwin
30,PHO,Nemanja Nedović,,1.0,24.0,142.0,26.0,15.0,13.0,0.205,0.167,0.875,5.9,1.1,0.6,0.5,-0.4,-0.132,-10.0,-0.3,2013,nemanjanedovic
31,CLE,Allen Crabbe,California,7.0,381.0,9125.0,3453.0,1073.0,434.0,0.425,0.387,0.831,24.0,9.1,2.8,1.1,13.7,0.072,-1.6,0.9,2013,allencrabbe
32,OKC,Álex Abrines,,3.0,174.0,2777.0,924.0,248.0,88.0,0.387,0.368,0.88,16.0,5.3,1.4,0.5,5.0,0.086,-1.9,0.1,2013,alexabrines
33,CLE,Carrick Felix,Arizona State,1.0,7.0,38.0,19.0,6.0,4.0,0.5,0.4,0.75,5.4,2.7,0.9,0.6,0.0,0.057,-3.4,0.0,2013,carrickfelix
34,HOU,Isaiah Canaan,Murray State,6.0,235.0,4799.0,1913.0,438.0,454.0,0.371,0.351,0.836,20.4,8.1,1.9,1.9,4.3,0.043,-2.4,-0.5,2013,isaiahcanaan
35,PHI,Glen Rice Jr.,Georgia Tech,2.0,16.0,152.0,43.0,24.0,9.0,0.269,0.25,0.692,9.5,2.7,1.5,0.6,-0.2,-0.065,-6.6,-0.2,2013,glenricejr.
36,SAC,Ray McCallum,Detroit Mercy,3.0,154.0,2808.0,920.0,306.0,368.0,0.408,0.335,0.711,18.2,6.0,2.0,2.4,2.1,0.035,-2.6,-0.4,2013,raymccallum
37,DET,Tony Mitchell,University of North Texas,1.0,21.0,79.0,22.0,26.0,2.0,0.417,1.0,0.579,3.8,1.0,1.2,0.1,0.2,0.151,0.4,0.0,2013,tonymitchell
38,WAS,Nate Wolters,South Dakota State,3.0,84.0,1575.0,461.0,185.0,209.0,0.423,0.261,0.635,18.8,5.5,2.2,2.5,0.9,0.028,-2.6,-0.2,2013,natewolters
39,POR,Jeff Withey,Kansas,5.0,207.0,2072.0,666.0,518.0,64.0,0.525,0.143,0.716,10.0,3.2,2.5,0.3,6.8,0.157,0.5,1.3,2013,jeffwithey
40,POR,Grant Jerrett,Arizona,1.0,8.0,51.0,16.0,9.0,3.0,0.269,0.067,1.0,6.4,2.0,1.1,0.4,-0.1,-0.128,-10.8,-0.1,2013,grantjerrett
41,MEM,Jamaal Franklin,San Diego State,2.0,24.0,174.0,42.0,25.0,9.0,0.415,0.462,1.0,7.3,1.8,1.0,0.4,0.0,-0.006,-5.9,-0.2,2013,jamaalfranklin
42,PHI,Pierre Jackson,Baylor,1.0,8.0,84.0,35.0,9.0,19.0,0.333,0.273,0.857,10.5,4.4,1.1,2.4,0.0,0.021,-4.4,-0.1,2013,pierrejackson
43,MIL,Ricky Ledo,Providence,2.0,28.0,277.0,109.0,38.0,21.0,0.336,0.371,0.769,9.9,3.9,1.4,0.8,-0.6,-0.096,-7.6,-0.4,2013,rickyledo
44,DAL,Mike Muscala,Bucknell,11.0,548.0,8239.0,3206.0,1699.0,464.0,0.451,0.373,0.83,15.0,5.9,3.1,0.8,19.2,0.112,-0.2,3.7,2013,mikemuscala
45,POR,Marko Todorović,,0.0,0.0,0.0,0.0,0.0,0.0,,,,,,,,0.0,,0.0,0.0,2013,markotodorovic
46,UTA,Erick Green,Virginia Tech,2.0,52.0,452.0,159.0,37.0,42.0,0.377,0.288,0.857,8.7,3.1,0.7,0.8,0.1,0.011,-4.0,-0.2,2013,erickgreen
47,ATL,Raul Neto,,8.0,435.0,6765.0,2470.0,658.0,913.0,0.458,0.361,0.812,15.6,5.7,1.5,2.1,11.6,0.082,-1.5,0.8,2013,raulneto
48,LAL,Ryan Kelly,Duke,4.0,163.0,3125.0,981.0,504.0,215.0,0.378,0.316,0.797,19.2,6.0,3.1,1.3,3.0,0.046,-2.6,-0.5,2013,ryankelly
49,CHI,Erik Murphy,Florida,1.0,24.0,62.0,6.0,8.0,2.0,0.231,0.0,,2.6,0.3,0.3,0.1,-0.1,-0.055,-8.6,-0.1,2013,erikmurphy
50,ATL,James Ennis III,Cal State Long Beach,8.0,395.0,8022.0,2629.0,1306.0,373.0,0.457,0.36,0.797,20.3,6.7,3.3,0.9,16.2,0.097,-1.5,0.9,2013,jamesennisiii
51,ORL,Romero Osby,Oklahoma,0.0,0.0,0.0,0.0,0.0,0.0,,,,,,,,0.0,,0.0,0.0,2013,romeroosby
52,MIN,Lorenzo Brown,NC State,5.0,103.0,1185.0,293.0,151.0,183.0,0.364,0.17,0.707,11.5,2.8,1.5,1.8,-0.2,-0.007,-3.5,-0.5,2013,lorenzobrown
53,IND,Colton Iverson,Colorado State,0.0,0.0,0.0,0.0,0.0,0.0,,,,,,,,0.0,,0.0,0.0,2013,coltoniverson
54,WAS,Arsalan Kazemi,Oregon,0.0,0.0,0.0,0.0,0.0,0.0,,,,,,,,0.0,,0.0,0.0,2013,arsalankazemi
55,MEM,Joffrey Lauvergne,,4.0,208.0,2823.0,1159.0,789.0,180.0,0.479,0.285,0.719,13.6,5.6,3.8,0.9,5.2,0.089,-2.1,-0.1,2013,joffreylauvergne
56,DET,Peyton Siva,Louisville,1.0,24.0,224.0,54.0,14.0,34.0,0.316,0.28,0.733,9.3,2.3,0.6,1.4,-0.2,-0.032,-6.4,-0.2,2013,peytonsiva
57,PHO,Alex Oriakhi,Missouri,0.0,0.0,0.0,0.0,0.0,0.0,,,,,,,,0.0,,0.0,0.0,2013,alexoriakhi
58,SAS,Deshaun Thomas,Ohio State,0.0,0.0,0.0,0.0,0.0,0.0,,,,,,,,0.0,,0.0,0.0,2013,deshaunthomas
59,MIN,Bojan Dubljević,,0.0,0.0,0.0,0.0,0.0,0.0,,,,,,,,0.0,,0.0,0.0,2013,bojandubljevic
60,MEM,Jānis Timma,,0.0,0.0,0.0,0.0,0.0,0.0,,,,,,,,0.0,,0.0,0.0,2013,janistimma
1,CLE,Andrew Wiggins,Kansas,12.0,834.0,27951.0,15214.0,3754.0,1937.0,0.451,0.362,0.728,33.5,18.2,4.5,2.3,37.6,0.065,-1.2,5.8,2014,andrewwiggins
2,MIL,Jabari Parker,Duke,8.0,310.0,8535.0,4380.0,1703.0,610.0,0.494,0.326,0.743,27.5,14.1,5.5,2.0,13.8,0.078,-0.8,2.5,2014,jabariparker
3,PHI,Joel Embiid,Kansas,10.0,490.0,15608.0,13544.0,5280.0,1808.0,0.5,0.339,0.83,31.9,27.6,10.8,3.7,69.0,0.212,6.7,34.3,2014,joelembiid
4,ORL,Aaron Gordon,Arizona,12.0,756.0,22081.0,10339.0,4683.0,2035.0,0.485,0.335,0.698,29.2,13.7,6.2,2.7,50.1,0.109,0.4,13.4,2014,aarongordon
5,UTA,Danté Exum,,8.0,320.0,6005.0,1991.0,623.0,728.0,0.435,0.343,0.765,18.8,6.2,1.9,2.3,6.6,0.053,-2.8,-1.2,2014,danteexum
6,BOS,Marcus Smart,Oklahoma State,12.0,697.0,20495.0,7314.0,2355.0,3080.0,0.389,0.324,0.779,29.4,10.5,3.4,4.4,36.2,0.085,-0.5,7.6,2014,marcussmart
7,LAL,Julius Randle,Kentucky,12.0,789.0,25348.0,15184.0,7023.0,3108.0,0.472,0.332,0.759,32.1,19.2,8.9,3.9,56.9,0.108,1.0,19.4,2014,juliusrandle
8,SAC,Nik Stauskas,Michigan,6.0,343.0,6701.0,2290.0,691.0,515.0,0.389,0.354,0.812,19.5,6.7,2.0,1.5,3.9,0.028,-3.0,-1.7,2014,nikstauskas
9,CHO,Noah Vonleh,Indiana,8.0,362.0,5854.0,1685.0,1790.0,264.0,0.459,0.307,0.692,16.2,4.7,4.9,0.7,9.4,0.077,-2.5,-0.7,2014,noahvonleh
10,PHI,Elfrid Payton,Louisiana,9.0,524.0,13894.0,5121.0,2086.0,3034.0,0.444,0.286,0.623,26.5,9.8,4.0,5.8,15.1,0.052,-1.1,3.1,2014,elfridpayton
11,DEN,Doug McDermott,Creighton,12.0,726.0,14011.0,6162.0,1493.0,686.0,0.468,0.41,0.806,19.3,8.5,2.1,0.9,21.7,0.074,-2.2,-0.7,2014,dougmcdermott
12,ORL,Dario Šarić,,9.0,498.0,11120.0,5118.0,2632.0,942.0,0.443,0.36,0.838,22.3,10.3,5.3,1.9,20.8,0.09,-0.8,3.4,2014,dariosaric
13,MIN,Zach LaVine,UCLA,12.0,693.0,22685.0,14338.0,2773.0,2684.0,0.47,0.391,0.835,32.7,20.7,4.0,3.9,38.6,0.082,0.6,14.6,2014,zachlavine
14,PHO,T.J. Warren,NC State,9.0,385.0,10365.0,5497.0,1515.0,446.0,0.505,0.351,0.78,26.9,14.3,3.9,1.2,20.9,0.097,-0.4,4.1,2014,t.j.warren
15,ATL,Adreian Payne,Michigan State,4.0,107.0,1403.0,429.0,315.0,66.0,0.406,0.254,0.68,13.1,4.0,2.9,0.6,-0.6,-0.019,-5.9,-1.4,2014,adreianpayne
16,CHI,Jusuf Nurkić,,12.0,631.0,15430.0,7438.0,5644.0,1664.0,0.502,0.294,0.661,24.5,11.8,8.9,2.6,34.7,0.108,0.4,9.5,2014,jusufnurkic
17,BOS,James Young,Kentucky,4.0,95.0,812.0,219.0,96.0,28.0,0.367,0.277,0.563,8.5,2.3,1.0,0.3,0.8,0.046,-3.4,-0.3,2014,jamesyoung
18,PHO,Tyler Ennis,Syracuse,4.0,186.0,2336.0,779.0,250.0,359.0,0.419,0.317,0.768,12.6,4.2,1.3,1.9,1.3,0.026,-3.4,-0.8,2014,tylerennis
19,CHI,Gary Harris,Michigan State,12.0,666.0,17326.0,6568.0,1476.0,1192.0,0.446,0.37,0.81,26.0,9.9,2.2,1.8,27.5,0.076,-1.4,2.6,2014,garyharris
20,TOR,Bruno Caboclo,,7.0,105.0,1293.0,442.0,268.0,72.0,0.403,0.308,0.836,12.3,4.2,2.6,0.7,1.5,0.054,-2.7,-0.2,2014,brunocaboclo
21,OKC,Mitch McGary,Michigan,2.0,52.0,557.0,227.0,183.0,17.0,0.527,0.0,0.58,10.7,4.4,3.5,0.3,1.3,0.108,-2.6,-0.1,2014,mitchmcgary
22,MEM,Jordan Adams,UCLA,2.0,32.0,263.0,101.0,30.0,19.0,0.402,0.385,0.607,8.2,3.2,0.9,0.6,0.4,0.07,1.7,0.2,2014,jordanadams
23,UTA,Rodney Hood,Duke,8.0,448.0,10977.0,4656.0,1160.0,736.0,0.42,0.366,0.841,24.5,10.4,2.6,1.6,17.4,0.076,-1.2,2.2,2014,rodneyhood
24,CHO,Shabazz Napier,UConn,6.0,345.0,5986.0,2433.0,657.0,849.0,0.397,0.345,0.815,17.4,7.1,1.9,2.5,8.1,0.065,-0.7,2.0,2014,shabazznapier
25,HOU,Clint Capela,,12.0,739.0,18329.0,8236.0,7330.0,726.0,0.613,0.125,0.546,24.8,11.1,9.9,1.0,72.6,0.19,1.6,16.5,2014,clintcapela
26,MIA,P.J. Hairston,UNC,2.0,111.0,2000.0,664.0,266.0,59.0,0.343,0.295,0.81,18.0,6.0,2.4,0.5,0.9,0.021,-3.9,-1.0,2014,p.j.hairston
27,PHO,Bogdan Bogdanović,,9.0,526.0,14750.0,7344.0,1738.0,1667.0,0.436,0.381,0.845,28.0,14.0,3.3,3.2,25.0,0.081,0.1,7.7,2014,bogdanbogdanovic
28,LAC,C.J. Wilcox,Washington,3.0,66.0,376.0,132.0,31.0,30.0,0.37,0.333,0.813,5.7,2.0,0.5,0.5,0.1,0.007,-4.3,-0.2,2014,c.j.wilcox
29,OKC,Josh Huestis,Stanford,3.0,76.0,1068.0,187.0,180.0,23.0,0.346,0.312,0.24,14.1,2.5,2.4,0.3,0.7,0.03,-3.5,-0.4,2014,joshhuestis
30,SAS,Kyle Anderson,UCLA,12.0,757.0,16177.0,5142.0,3217.0,2104.0,0.48,0.34,0.715,21.4,6.8,4.2,2.8,41.3,0.122,1.7,15.1,2014,kyleanderson
31,MIL,Damien Inglis,,1.0,20.0,156.0,36.0,31.0,10.0,0.351,0.231,0.875,7.8,1.8,1.6,0.5,-0.1,-0.024,-5.6,-0.1,2014,damieninglis
32,PHI,K.J. McDaniels,Clemson,3.0,148.0,2092.0,782.0,324.0,95.0,0.412,0.29,0.776,14.1,5.3,2.2,0.6,1.3,0.03,-2.8,-0.4,2014,k.j.mcdaniels
33,CLE,Joe Harris,Virginia,10.0,504.0,12298.0,5185.0,1521.0,790.0,0.479,0.436,0.771,24.4,10.3,3.0,1.6,23.1,0.09,-0.7,4.1,2014,joeharris
34,NYK,Cleanthony Early,Wichita State,2.0,56.0,801.0,241.0,123.0,42.0,0.346,0.263,0.75,14.3,4.3,2.2,0.8,-0.6,-0.039,-5.9,-0.8,2014,cleanthonyearly
35,UTA,Jarnell Stokes,Tennessee,3.0,28.0,151.0,67.0,40.0,7.0,0.581,,0.531,5.4,2.4,1.4,0.3,0.6,0.202,0.1,0.1,2014,jarnellstokes
36,MIL,Johnny O'Bryant,LSU,4.0,147.0,1684.0,509.0,352.0,69.0,0.402,0.36,0.663,11.5,3.5,2.4,0.5,0.2,0.006,-6.2,-1.8,2014,johnnyo'bryant
37,TOR,DeAndre Daniels,UConn,0.0,0.0,0.0,0.0,0.0,0.0,,,,,,,,0.0,,0.0,0.0,2014,deandredaniels
38,DET,Spencer Dinwiddie,Colorado,11.0,621.0,17219.0,8078.0,1851.0,3153.0,0.414,0.333,0.796,27.7,13.0,3.0,5.1,36.0,0.1,-0.1,8.1,2014,spencerdinwiddie
39,PHI,Jerami Grant,Syracuse,12.0,776.0,21749.0,10488.0,3024.0,1272.0,0.449,0.367,0.759,28.0,13.5,3.9,1.6,40.7,0.09,-0.4,8.7,2014,jeramigrant
40,MIN,Glenn Robinson III,Michigan,7.0,304.0,5299.0,1804.0,776.0,238.0,0.457,0.373,0.779,17.4,5.9,2.6,0.8,7.9,0.071,-1.7,0.4,2014,glennrobinsoniii
41,DEN,Nikola Jokić,,11.0,810.0,25914.0,18009.0,8977.0,6080.0,0.561,0.362,0.825,32.0,22.2,11.1,7.5,142.9,0.265,10.6,82.5,2014,nikolajokic
42,HOU,Nick Johnson,Arizona,1.0,28.0,262.0,74.0,39.0,11.0,0.347,0.238,0.68,9.4,2.6,1.4,0.4,-0.1,-0.02,-6.5,-0.3,2014,nickjohnson
43,ATL,Edy Tavares,,2.0,13.0,101.0,33.0,32.0,4.0,0.625,,0.273,7.8,2.5,2.5,0.3,0.2,0.118,-0.4,0.0,2014,edytavares
44,MIN,Markel Brown,Oklahoma State,3.0,113.0,1794.0,584.0,234.0,132.0,0.38,0.295,0.781,15.9,5.2,2.1,1.2,1.1,0.029,-2.9,-0.4,2014,markelbrown
45,CHO,Dwight Powell,Stanford,12.0,768.0,13469.0,4964.0,3252.0,800.0,0.606,0.294,0.734,17.5,6.5,4.2,1.0,50.5,0.18,0.7,9.1,2014,dwightpowell
46,WAS,Jordan Clarkson,Missouri,12.0,825.0,22102.0,12651.0,2650.0,2307.0,0.437,0.336,0.829,26.8,15.3,3.2,2.8,25.9,0.056,-1.1,5.1,2014,jordanclarkson
47,PHI,Russ Smith,Louisville,2.0,27.0,131.0,53.0,15.0,19.0,0.319,0.188,0.769,4.9,2.0,0.6,0.7,-0.2,-0.068,-5.1,-0.1,2014,russsmith
48,MIL,Lamar Patterson,Pitt,2.0,40.0,435.0,93.0,57.0,45.0,0.326,0.236,0.72,10.9,2.3,1.4,1.1,0.1,0.006,-5.7,-0.4,2014,lamarpatterson
49,CHI,Cameron Bairstow,New Mexico,2.0,36.0,167.0,44.0,36.0,7.0,0.296,0.2,0.846,4.6,1.2,1.0,0.2,-0.1,-0.021,-8.1,-0.3,2014,cameronbairstow
50,PHO,Alec Brown,Green Bay,0.0,0.0,0.0,0.0,0.0,0.0,,,,,,,,0.0,,0.0,0.0,2014,alecbrown
51,NYK,Thanasis Antetokounmpo,,7.0,232.0,1668.0,528.0,337.0,130.0,0.506,0.134,0.536,7.2,2.3,1.5,0.6,2.1,0.061,-4.1,-0.9,2014,thanasisantetokounmpo
52,PHI,Vasilije Micić,,2.0,101.0,1961.0,691.0,177.0,390.0,0.395,0.315,0.819,19.4,6.8,1.8,3.9,-0.6,-0.015,-5.6,-1.8,2014,vasilijemicic
53,MIN,Alessandro Gentile,,0.0,0.0,0.0,0.0,0.0,0.0,,,,,,,,0.0,,0.0,0.0,2014,alessandrogentile
54,PHI,Nemanja Dangubić,,0.0,0.0,0.0,0.0,0.0,0.0,,,,,,,,0.0,,0.0,0.0,2014,nemanjadangubic
55,MIA,Semaj Christon,Xavier,1.0,64.0,973.0,183.0,87.0,130.0,0.345,0.19,0.548,15.2,2.9,1.4,2.0,0.1,0.006,-5.1,-0.8,2014,semajchriston
56,DEN,Devyn Marble,Iowa,2.0,44.0,457.0,97.0,69.0,29.0,0.304,0.222,0.375,10.4,2.2,1.6,0.7,-0.3,-0.028,-5.5,-0.4,2014,devynmarble
57,IND,Louis Labeyrie,,0.0,0.0,0.0,0.0,0.0,0.0,,,,,,,,0.0,,0.0,0.0,2014,louislabeyrie
58,SAS,Jordan McRae,Tennessee,4.0,123.0,1696.0,846.0,225.0,167.0,0.417,0.355,0.772,13.8,6.9,1.8,1.4,1.7,0.048,-2.1,0.0,2014,jordanmcrae
59,TOR,Xavier Thames,San Diego State,0.0,0.0,0.0,0.0,0.0,0.0,,,,,,,,0.0,,0.0,0.0,2014,xavierthames
60,SAS,Cory Jefferson,Baylor,2.0,58.0,581.0,205.0,161.0,16.0,0.444,0.125,0.583,10.0,3.5,2.8,0.3,0.9,0.071,-3.3,-0.2,2014,coryjefferson
1,MIN,Karl-Anthony Towns,Kentucky,11.0,720.0,24294.0,16384.0,8025.0,2263.0,0.522,0.397,0.84,33.7,22.8,11.1,3.1,94.6,0.187,4.3,38.5,2015,karl-anthonytowns
2,LAL,D'Angelo Russell,Ohio State,11.0,655.0,19240.0,11132.0,2177.0,3690.0,0.427,0.363,0.793,29.4,17.0,3.3,5.6,26.5,0.066,0.6,12.4,2015,d'angelorussell
3,PHI,Jahlil Okafor,Duke,7.0,248.0,4830.0,2566.0,1170.0,226.0,0.542,0.222,0.676,19.5,10.3,4.7,0.9,7.2,0.071,-2.0,0.0,2015,jahlilokafor
4,NYK,Kristaps Porziņģis,,10.0,533.0,16175.0,10372.0,4055.0,994.0,0.461,0.364,0.83,30.3,19.5,7.6,1.9,50.4,0.15,2.6,18.9,2015,kristapsporzingis
5,ORL,Mario Hezonja,,5.0,330.0,6107.0,2284.0,1026.0,415.0,0.417,0.319,0.812,18.5,6.9,3.1,1.3,3.2,0.025,-2.8,-1.2,2015,mariohezonja
6,SAC,Willie Cauley-Stein,Kentucky,7.0,422.0,9276.0,3675.0,2470.0,598.0,0.544,0.188,0.612,22.0,8.7,5.9,1.4,23.3,0.121,-0.1,4.4,2015,williecauley-stein
7,DEN,Emmanuel Mudiay,,6.0,302.0,7187.0,3299.0,884.0,1143.0,0.401,0.323,0.744,23.8,10.9,2.9,3.8,-0.2,-0.001,-3.2,-2.2,2015,emmanuelmudiay
8,DET,Stanley Johnson,Arizona,8.0,449.0,8879.0,2806.0,1404.0,679.0,0.391,0.305,0.748,19.8,6.2,3.1,1.5,6.9,0.037,-2.7,-1.6,2015,stanleyjohnson
9,CHO,Frank Kaminsky,Wisconsin,8.0,413.0,8160.0,3630.0,1579.0,651.0,0.43,0.349,0.746,19.8,8.8,3.8,1.6,15.9,0.094,-0.2,3.7,2015,frankkaminsky
10,MIA,Justise Winslow,Duke,8.0,344.0,8906.0,2829.0,1760.0,889.0,0.412,0.315,0.638,25.9,8.2,5.1,2.6,8.2,0.044,-2.1,-0.3,2015,justisewinslow
11,IND,Myles Turner,Texas,11.0,713.0,20366.0,9877.0,4727.0,916.0,0.494,0.365,0.769,28.6,13.9,6.6,1.3,51.7,0.122,0.6,13.5,2015,mylesturner
12,UTA,Trey Lyles,Kentucky,10.0,650.0,11970.0,4935.0,2826.0,697.0,0.441,0.347,0.741,18.4,7.6,4.3,1.1,22.0,0.088,-1.0,3.0,2015,treylyles
13,PHO,Devin Booker,Kentucky,11.0,737.0,25295.0,18120.0,2966.0,3908.0,0.463,0.352,0.873,34.3,24.6,4.0,5.3,58.0,0.11,1.2,20.2,2015,devinbooker
14,OKC,Cameron Payne,Murray State,11.0,499.0,8730.0,3866.0,995.0,1585.0,0.417,0.366,0.837,17.5,7.7,2.0,3.2,14.8,0.081,-0.6,3.2,2015,cameronpayne
15,ATL,Kelly Oubre Jr.,Kansas,11.0,705.0,19316.0,9401.0,3284.0,827.0,0.44,0.327,0.752,27.4,13.3,4.7,1.2,27.6,0.068,-1.8,0.8,2015,kellyoubrejr.
16,BOS,Terry Rozier,Louisville,10.0,665.0,18357.0,9252.0,2610.0,2337.0,0.418,0.361,0.829,27.6,13.9,3.9,3.5,30.6,0.08,0.2,10.1,2015,terryrozier
17,MIL,Rashad Vaughn,UNLV,3.0,139.0,1671.0,423.0,158.0,75.0,0.337,0.313,0.692,12.0,3.0,1.1,0.5,-0.6,-0.017,-4.7,-1.2,2015,rashadvaughn
18,HOU,Sam Dekker,Wisconsin,5.0,201.0,3097.0,1094.0,607.0,160.0,0.478,0.288,0.606,15.4,5.4,3.0,0.8,5.4,0.083,-1.4,0.5,2015,samdekker
19,WAS,Jerian Grant,Notre Dame,5.0,279.0,4998.0,1692.0,529.0,805.0,0.411,0.323,0.77,17.9,6.1,1.9,2.9,8.3,0.08,-1.6,0.5,2015,jeriangrant
20,TOR,Delon Wright,Utah,10.0,548.0,11175.0,3656.0,1650.0,1636.0,0.447,0.348,0.799,20.4,6.7,3.0,3.0,28.9,0.124,1.9,11.1,2015,delonwright
21,DAL,Justin Anderson,Virginia,6.0,242.0,3280.0,1284.0,621.0,184.0,0.41,0.292,0.775,13.6,5.3,2.6,0.8,4.9,0.072,-1.5,0.4,2015,justinanderson
22,CHI,Bobby Portis,Arkansas,11.0,721.0,16526.0,8733.0,5113.0,955.0,0.479,0.393,0.761,22.9,12.1,7.1,1.3,36.6,0.106,-0.4,6.8,2015,bobbyportis
23,POR,Rondae Hollis-Jefferson,Arizona,6.0,305.0,6759.0,2760.0,1684.0,579.0,0.449,0.212,0.735,22.2,9.0,5.5,1.9,12.9,0.091,-0.7,2.3,2015,rondaehollis-jefferson
24,CLE,Tyus Jones,Duke,11.0,749.0,15403.0,5448.0,1450.0,3181.0,0.441,0.372,0.82,20.6,7.3,1.9,4.2,34.9,0.109,0.4,9.2,2015,tyusjones
25,MEM,Jarell Martin,LSU,4.0,184.0,2927.0,998.0,639.0,114.0,0.434,0.346,0.766,15.9,5.4,3.5,0.6,3.2,0.053,-4.3,-1.7,2015,jarellmartin
26,SAS,Nikola Milutinov,,0.0,0.0,0.0,0.0,0.0,0.0,,,,,,,,0.0,,0.0,0.0,2015,nikolamilutinov
27,LAL,Larry Nance Jr.,Wyoming,11.0,581.0,13036.0,4335.0,3434.0,1051.0,0.535,0.352,0.692,22.4,7.5,5.9,1.8,35.2,0.13,1.1,10.1,2015,larrynancejr.
28,BOS,R.J. Hunter,Georgia State University,4.0,45.0,395.0,133.0,46.0,19.0,0.371,0.295,0.818,8.8,3.0,1.0,0.4,0.4,0.051,-2.0,0.0,2015,r.j.hunter
29,BRK,Chris McCullough,Syracuse,3.0,59.0,532.0,194.0,112.0,15.0,0.426,0.306,0.548,9.0,3.3,1.9,0.3,0.6,0.054,-2.5,-0.1,2015,chrismccullough
30,GSW,Kevon Looney,UCLA,11.0,620.0,10617.0,3036.0,3509.0,990.0,0.57,0.179,0.61,17.1,4.9,5.7,1.6,38.1,0.172,0.3,6.2,2015,kevonlooney
31,MIN,Cedi Osman,,7.0,476.0,10815.0,4427.0,1411.0,933.0,0.432,0.357,0.711,22.7,9.3,3.0,2.0,12.5,0.055,-2.1,-0.3,2015,cediosman
32,HOU,Montrezl Harrell,Louisville,8.0,515.0,10544.0,6220.0,2588.0,675.0,0.619,0.108,0.664,20.5,12.1,5.0,1.3,42.9,0.195,2.6,12.2,2015,montrezlharrell
33,BOS,Jordan Mickey,LSU,3.0,64.0,482.0,152.0,128.0,17.0,0.449,0.118,0.605,7.5,2.4,2.0,0.3,0.5,0.05,-4.8,-0.3,2015,jordanmickey
34,LAL,Anthony Brown,Stanford,3.0,41.0,762.0,161.0,103.0,28.0,0.328,0.286,0.85,18.6,3.9,2.5,0.7,-0.2,-0.016,-5.1,-0.6,2015,anthonybrown
35,PHI,Willy Hernangómez,,7.0,344.0,5149.0,2524.0,1982.0,364.0,0.533,0.306,0.713,15.0,7.3,5.8,1.1,16.3,0.152,0.1,2.8,2015,willyhernangomez
36,MIN,Rakeem Christmas,Syracuse,2.0,30.0,225.0,63.0,57.0,4.0,0.467,,0.724,7.5,2.1,1.9,0.1,0.5,0.105,-4.7,-0.2,2015,rakeemchristmas
37,PHI,Richaun Holmes,Bowling Green,10.0,489.0,9360.0,4164.0,2606.0,479.0,0.605,0.269,0.751,19.1,8.5,5.3,1.0,30.7,0.158,0.1,5.0,2015,richaunholmes
38,DET,Darrun Hilliard,Villanova,3.0,91.0,859.0,295.0,85.0,71.0,0.377,0.304,0.747,9.4,3.2,0.9,0.8,0.3,0.016,-4.7,-0.6,2015,darrunhilliard
39,CHO,Juan Pablo Vaulet,,0.0,0.0,0.0,0.0,0.0,0.0,,,,,,,,0.0,,0.0,0.0,2015,juanpablovaulet
40,MIA,Josh Richardson,Tennessee,10.0,554.0,15815.0,6381.0,1685.0,1463.0,0.428,0.363,0.846,28.5,11.5,3.0,2.6,27.7,0.084,-0.6,5.5,2015,joshrichardson
41,BRK,Pat Connaughton,Notre Dame,11.0,637.0,11736.0,3689.0,2084.0,847.0,0.438,0.357,0.767,18.4,5.8,3.3,1.3,25.3,0.103,-0.5,4.5,2015,patconnaughton
42,UTA,Olivier Hanlan,Boston College,0.0,0.0,0.0,0.0,0.0,0.0,,,,,,,,0.0,,0.0,0.0,2015,olivierhanlan
43,IND,Joe Young,Oregon,3.0,127.0,1077.0,429.0,130.0,119.0,0.393,0.296,0.768,8.5,3.4,1.0,0.9,0.4,0.016,-4.1,-0.6,2015,joeyoung
44,PHO,Andrew Harrison,Kentucky,3.0,145.0,2987.0,1012.0,287.0,399.0,0.373,0.294,0.779,20.6,7.0,2.0,2.8,3.2,0.051,-2.8,-0.6,2015,andrewharrison
45,BOS,Marcus Thornton,William & Mary,0.0,0.0,0.0,0.0,0.0,0.0,,,,,,,,0.0,,0.0,0.0,2015,marcusthornton
46,MIL,Norman Powell,UCLA,11.0,675.0,16655.0,9418.0,1851.0,1084.0,0.471,0.396,0.824,24.7,14.0,2.7,1.6,36.4,0.105,0.2,9.2,2015,normanpowell
47,PHI,Artūras Gudaitis,,0.0,0.0,0.0,0.0,0.0,0.0,,,,,,,,0.0,,0.0,0.0,2015,arturasgudaitis
48,OKC,Dakari Johnson,Kentucky,1.0,31.0,161.0,55.0,34.0,8.0,0.564,,0.55,5.2,1.8,1.1,0.3,0.6,0.178,-0.3,0.1,2015,dakarijohnson
49,WAS,Aaron White,Iowa,0.0,0.0,0.0,0.0,0.0,0.0,,,,,,,,0.0,,0.0,0.0,2015,aaronwhite
50,ATL,Marcus Eriksson,,0.0,0.0,0.0,0.0,0.0,0.0,,,,,,,,0.0,,0.0,0.0,2015,marcuseriksson
51,ORL,Tyler Harvey,Eastern Washington,0.0,0.0,0.0,0.0,0.0,0.0,,,,,,,,0.0,,0.0,0.0,2015,tylerharvey
52,DAL,Satnam Singh,,0.0,0.0,0.0,0.0,0.0,0.0,,,,,,,,0.0,,0.0,0.0,2015,satnamsingh
53,CLE,Sir'Dominic Pointer,St. John's,0.0,0.0,0.0,0.0,0.0,0.0,,,,,,,,0.0,,0.0,0.0,2015,sir'dominicpointer
54,UTA,Dani Díez,,0.0,0.0,0.0,0.0,0.0,0.0,,,,,,,,0.0,,0.0,0.0,2015,danidiez
55,SAS,Cady Lalanne,UMass,0.0,0.0,0.0,0.0,0.0,0.0,,,,,,,,0.0,,0.0,0.0,2015,cadylalanne
56,NOP,Branden Dawson,Michigan State,1.0,6.0,29.0,5.0,4.0,0.0,0.4,,1.0,4.8,0.8,0.7,0.0,0.0,0.069,-5.7,0.0,2015,brandendawson
57,DEN,Nikola Radičević,,0.0,0.0,0.0,0.0,0.0,0.0,,,,,,,,0.0,,0.0,0.0,2015,nikolaradicevic
58,PHI,J.P. Tokoto,UNC,0.0,0.0,0.0,0.0,0.0,0.0,,,,,,,,0.0,,0.0,0.0,2015,j.p.tokoto
59,ATL,Dimitrios Agravanis,,0.0,0.0,0.0,0.0,0.0,0.0,,,,,,,,0.0,,0.0,0.0,2015,dimitriosagravanis
60,PHI,Luka Mitrović,,0.0,0.0,0.0,0.0,0.0,0.0,,,,,,,,0.0,,0.0,0.0,2015,lukamitrovic
1,PHI,Ben Simmons,LSU,7.0,383.0,11910.0,5021.0,2840.0,2754.0,0.558,0.139,0.592,31.1,13.1,7.4,7.2,35.4,0.143,3.0,15.0,2016,bensimmons
2,LAL,Brandon Ingram,Duke,10.0,572.0,18920.0,11311.0,2996.0,2414.0,0.469,0.366,0.792,33.1,19.8,5.2,4.2,31.8,0.081,0.2,10.3,2016,brandoningram
3,BOS,Jaylen Brown,California,10.0,674.0,20908.0,13474.0,3700.0,1953.0,0.478,0.358,0.739,31.0,20.0,5.5,2.9,47.5,0.109,0.7,14.1,2016,jaylenbrown
4,PHO,Dragan Bender,,4.0,187.0,3755.0,1014.0,720.0,237.0,0.399,0.323,0.654,20.1,5.4,3.9,1.3,0.5,0.006,-3.9,-1.9,2016,draganbender
5,MIN,Kris Dunn,Providence,10.0,489.0,11727.0,3712.0,1626.0,1912.0,0.443,0.337,0.741,24.0,7.6,3.3,3.9,15.7,0.064,-1.0,2.8,2016,krisdunn
6,NOP,Buddy Hield,Oklahoma,10.0,765.0,20999.0,11122.0,3052.0,1846.0,0.433,0.395,0.856,27.4,14.5,4.0,2.4,28.7,0.066,0.2,11.7,2016,buddyhield
7,DEN,Jamal Murray,Kentucky,9.0,611.0,19448.0,11528.0,2348.0,3044.0,0.459,0.39,0.874,31.8,18.9,3.8,5.0,47.6,0.117,1.4,16.5,2016,jamalmurray
8,SAC,Marquese Chriss,Washington,6.0,292.0,5338.0,2206.0,1366.0,298.0,0.456,0.29,0.667,18.3,7.6,4.7,1.0,6.5,0.058,-2.4,-0.5,2016,marquesechriss
9,TOR,Jakob Poeltl,Utah,10.0,641.0,14469.0,5804.0,4476.0,1176.0,0.636,0.429,0.559,22.6,9.1,7.0,1.8,48.5,0.161,1.3,11.9,2016,jakobpoeltl
10,MIL,Thon Maker,,5.0,263.0,3624.0,1216.0,726.0,161.0,0.435,0.327,0.68,13.8,4.6,2.8,0.6,6.6,0.087,-2.1,-0.1,2016,thonmaker
11,ORL,Domantas Sabonis,Gonzaga,10.0,665.0,20463.0,10702.0,7096.0,3240.0,0.559,0.342,0.729,30.8,16.1,10.7,4.9,71.0,0.166,3.3,27.6,2016,domantassabonis
12,UTA,Taurean Prince,Baylor,10.0,608.0,15013.0,5984.0,2172.0,1051.0,0.429,0.387,0.812,24.7,9.8,3.6,1.7,15.5,0.05,-2.1,-0.3,2016,taureanprince
13,PHO,Georgios Papagiannis,,2.0,39.0,477.0,160.0,123.0,29.0,0.514,0.0,0.857,12.2,4.1,3.2,0.7,0.4,0.044,-3.9,-0.2,2016,georgiospapagiannis
14,CHI,Denzel Valentine,Michigan State,5.0,256.0,4817.0,1795.0,857.0,466.0,0.394,0.36,0.787,18.8,7.0,3.3,1.8,4.5,0.044,-1.9,0.2,2016,denzelvalentine
15,DEN,Juancho Hernangómez,,7.0,339.0,5269.0,1711.0,1131.0,216.0,0.428,0.342,0.676,15.5,5.0,3.3,0.6,8.7,0.08,-1.9,0.1,2016,juanchohernangomez
16,BOS,Guerschon Yabusele,,4.0,211.0,3388.0,1314.0,734.0,242.0,0.462,0.363,0.724,16.1,6.2,3.5,1.1,6.4,0.091,-1.5,0.4,2016,guerschonyabusele
17,MEM,Wade Baldwin,Vanderbilt,3.0,56.0,579.0,174.0,69.0,78.0,0.355,0.25,0.776,10.3,3.1,1.2,1.4,-0.3,-0.028,-5.3,-0.5,2016,wadebaldwin
18,DET,Henry Ellenson,Marquette,5.0,83.0,787.0,342.0,206.0,49.0,0.371,0.336,0.773,9.5,4.1,2.5,0.6,0.4,0.023,-3.7,-0.3,2016,henryellenson
19,DEN,Malik Beasley,Florida State,9.0,578.0,13739.0,6738.0,1612.0,789.0,0.426,0.391,0.769,23.8,11.7,2.8,1.4,20.1,0.07,-0.9,3.7,2016,malikbeasley
20,IND,Caris LeVert,Michigan,10.0,584.0,15705.0,7717.0,2098.0,2264.0,0.436,0.344,0.733,26.9,13.2,3.6,3.9,25.4,0.078,-0.2,7.0,2016,carislevert
21,ATL,DeAndre' Bembry,Saint Joseph's,6.0,296.0,5670.0,1750.0,950.0,533.0,0.474,0.283,0.611,19.2,5.9,3.2,1.8,4.4,0.038,-2.3,-0.4,2016,deandre'bembry
22,CHO,Malachi Richardson,Syracuse,3.0,70.0,625.0,198.0,70.0,24.0,0.358,0.301,0.783,8.9,2.8,1.0,0.3,-0.1,-0.009,-6.1,-0.7,2016,malachirichardson
23,BOS,Ante Žižić,,3.0,113.0,1517.0,674.0,446.0,64.0,0.581,,0.711,13.4,6.0,3.9,0.6,3.5,0.11,-2.6,-0.2,2016,antezizic
24,PHI,Timothé Luwawu-Cabarrot,,6.0,328.0,5254.0,1937.0,656.0,293.0,0.391,0.335,0.829,16.0,5.9,2.0,0.9,4.7,0.043,-4.0,-2.7,2016,timotheluwawu-cabarrot
25,LAC,Brice Johnson,UNC,2.0,21.0,107.0,47.0,34.0,3.0,0.449,0.0,0.6,5.1,2.2,1.6,0.1,0.1,0.062,-0.6,0.0,2016,bricejohnson
26,PHI,Furkan Korkmaz,,7.0,328.0,5447.0,2244.0,646.0,391.0,0.406,0.356,0.761,16.6,6.8,2.0,1.2,7.6,0.067,-2.0,0.1,2016,furkankorkmaz
27,TOR,Pascal Siakam,New Mexico State,10.0,691.0,21694.0,12810.0,4594.0,2497.0,0.497,0.342,0.754,31.4,18.5,6.6,3.6,58.1,0.129,1.8,21.0,2016,pascalsiakam
28,PHO,Skal Labissière,Kentucky,6.0,155.0,2645.0,1087.0,674.0,156.0,0.493,0.352,0.748,17.1,7.0,4.3,1.0,4.5,0.082,-2.2,-0.2,2016,skallabissiere
29,SAS,Dejounte Murray,Washington,9.0,517.0,15134.0,8037.0,3000.0,2807.0,0.454,0.339,0.793,29.3,15.5,5.8,5.4,26.8,0.085,1.4,12.9,2016,dejountemurray
30,GSW,Damian Jones,Vanderbilt,8.0,279.0,3782.0,1366.0,869.0,193.0,0.656,0.351,0.715,13.6,4.9,3.1,0.7,11.3,0.143,-1.0,1.0,2016,damianjones
31,BOS,Deyonta Davis,Michigan State,3.0,107.0,1299.0,454.0,346.0,47.0,0.599,0.0,0.635,12.1,4.2,3.2,0.4,3.6,0.131,-2.1,0.0,2016,deyontadavis
32,LAL,Ivica Zubac,,10.0,632.0,14880.0,6630.0,5251.0,899.0,0.614,0.083,0.725,23.5,10.5,8.3,1.4,55.5,0.179,0.8,10.4,2016,ivicazubac
33,LAC,Cheick Diallo,Kansas,5.0,183.0,2186.0,958.0,759.0,78.0,0.596,0.286,0.774,11.9,5.2,4.1,0.4,6.3,0.139,-1.4,0.3,2016,cheickdiallo
34,PHO,Tyler Ulis,Kentucky,3.0,133.0,2782.0,998.0,223.0,537.0,0.403,0.28,0.808,20.9,7.5,1.7,4.0,0.5,0.008,-3.6,-1.1,2016,tylerulis
35,BOS,Rade Zagorac,,0.0,0.0,0.0,0.0,0.0,0.0,,,,,,,,0.0,,0.0,0.0,2016,radezagorac
36,MIL,Malcolm Brogdon,Virginia,9.0,463.0,13481.0,7077.0,1917.0,2156.0,0.463,0.388,0.874,29.1,15.3,4.1,4.7,33.4,0.119,1.3,11.2,2016,malcolmbrogdon
37,HOU,Chinanu Onuaku,Louisville,2.0,6.0,74.0,18.0,14.0,4.0,0.583,,1.0,12.3,3.0,2.3,0.7,0.1,0.043,-5.4,-0.1,2016,chinanuonuaku
38,MIL,Patrick McCaw,UNLV,5.0,199.0,3373.0,760.0,319.0,270.0,0.42,0.305,0.785,16.9,3.8,1.6,1.4,4.4,0.062,-2.8,-0.6,2016,patrickmccaw
39,NOP,David Michineau,,0.0,0.0,0.0,0.0,0.0,0.0,,,,,,,,0.0,,0.0,0.0,2016,davidmichineau
40,NOP,Diamond Stone,Maryland,1.0,7.0,24.0,10.0,6.0,0.0,0.231,,1.0,3.4,1.4,0.9,0.0,-0.1,-0.211,-20.8,-0.1,2016,diamondstone
41,ORL,Stephen Zimmerman,UNLV,1.0,19.0,108.0,23.0,35.0,4.0,0.323,,0.6,5.7,1.2,1.8,0.2,0.0,-0.005,-8.3,-0.2,2016,stephenzimmerman
42,UTA,Isaiah Whitehead,Seton Hall,2.0,89.0,1823.0,643.0,210.0,212.0,0.411,0.305,0.788,20.5,7.2,2.4,2.4,-0.9,-0.025,-5.0,-1.4,2016,isaiahwhitehead
43,HOU,Zhou Qi,,2.0,19.0,125.0,24.0,22.0,2.0,0.212,0.105,0.667,6.6,1.3,1.2,0.1,-0.2,-0.093,-9.6,-0.2,2016,zhouqi
44,ATL,Isaïa Cordinier,,0.0,0.0,0.0,0.0,0.0,0.0,,,,,,,,0.0,,0.0,0.0,2016,isaiacordinier
45,BOS,Demetrius Jackson,Notre Dame,3.0,26.0,136.0,48.0,19.0,17.0,0.486,0.286,0.667,5.2,1.8,0.7,0.7,0.2,0.087,-0.5,0.1,2016,demetriusjackson
46,DAL,A.J. Hammons,Purdue,1.0,22.0,163.0,48.0,36.0,4.0,0.405,0.5,0.45,7.4,2.2,1.6,0.2,0.0,-0.001,-6.6,-0.2,2016,a.j.hammons
47,ORL,Jake Layman,Maryland,6.0,243.0,3099.0,1175.0,417.0,127.0,0.46,0.3,0.719,12.8,4.8,1.7,0.5,3.8,0.059,-2.3,-0.2,2016,jakelayman
48,CHI,Paul Zipser,,2.0,98.0,1667.0,458.0,256.0,82.0,0.371,0.335,0.769,17.0,4.7,2.6,0.8,0.0,-0.001,-5.2,-1.4,2016,paulzipser
49,DET,Michael Gbinije,Syracuse,1.0,9.0,32.0,4.0,3.0,2.0,0.1,0.0,1.0,3.6,0.4,0.3,0.2,-0.1,-0.136,-12.1,-0.1,2016,michaelgbinije
50,IND,Georges Niang,Iowa State,9.0,544.0,9494.0,4046.0,1354.0,534.0,0.445,0.399,0.852,17.5,7.4,2.5,1.0,15.9,0.08,-1.7,0.7,2016,georgesniang
51,BOS,Ben Bentil,Providence,1.0,3.0,10.0,0.0,2.0,0.0,0.0,0.0,,3.3,0.0,0.7,0.0,-0.1,-0.473,-25.9,-0.1,2016,benbentil
52,UTA,Joel Bolomboy,Weber State,2.0,18.0,91.0,31.0,27.0,2.0,0.545,0.2,0.5,5.1,1.7,1.5,0.1,0.3,0.132,-0.1,0.0,2016,joelbolomboy
53,DEN,Petr Cornelie,,1.0,13.0,38.0,14.0,14.0,3.0,0.333,0.125,0.75,2.9,1.1,1.1,0.2,0.0,-0.015,-8.8,-0.1,2016,petrcornelie
54,ATL,Kay Felder,Oakland,2.0,58.0,526.0,223.0,59.0,78.0,0.364,0.268,0.754,9.1,3.8,1.0,1.3,-0.4,-0.041,-4.7,-0.4,2016,kayfelder
55,BRK,Marcus Paige,UNC,1.0,5.0,28.0,12.0,4.0,3.0,0.286,0.25,1.0,5.6,2.4,0.8,0.6,0.0,-0.006,-8.8,0.0,2016,marcuspaige
56,DEN,Daniel Hamilton,UConn,2.0,25.0,232.0,69.0,52.0,30.0,0.394,0.357,0.5,9.3,2.8,2.1,1.2,0.0,0.0,-3.3,-0.1,2016,danielhamilton
57,MEM,Wang Zhelin,,0.0,0.0,0.0,0.0,0.0,0.0,,,,,,,,0.0,,0.0,0.0,2016,wangzhelin
58,BOS,Abdel Nader,Iowa State,5.0,202.0,2583.0,926.0,376.0,110.0,0.428,0.357,0.718,12.8,4.6,1.9,0.5,2.8,0.052,-2.6,-0.4,2016,abdelnader
59,SAC,Isaiah Cousins,Oklahoma,0.0,0.0,0.0,0.0,0.0,0.0,,,,,,,,0.0,,0.0,0.0,2016,isaiahcousins
60,UTA,Tyrone Wallace,California,4.0,112.0,1714.0,566.0,236.0,127.0,0.422,0.207,0.656,15.3,5.1,2.1,1.1,0.1,0.003,-5.2,-1.4,2016,tyronewallace
1,PHI,Markelle Fultz,Washington,9.0,260.0,6159.0,2660.0,818.0,1119.0,0.469,0.28,0.732,23.7,10.2,3.1,4.3,8.3,0.065,-1.3,1.1,2017,markellefultz
2,LAL,Lonzo Ball,UCLA,7.0,322.0,9692.0,3422.0,1705.0,1814.0,0.392,0.355,0.603,30.1,10.6,5.3,5.6,13.3,0.066,0.8,6.9,2017,lonzoball
3,BOS,Jayson Tatum,Duke,9.0,601.0,20707.0,14132.0,4453.0,2328.0,0.458,0.368,0.839,34.5,23.5,7.4,3.9,67.2,0.156,3.8,30.3,2017,jaysontatum
4,PHO,Josh Jackson,Kansas,5.0,291.0,6718.0,3276.0,1159.0,534.0,0.416,0.292,0.68,23.1,11.3,4.0,1.8,-1.7,-0.012,-3.8,-3.1,2017,joshjackson
5,SAC,De'Aaron Fox,Kentucky,9.0,603.0,19892.0,12735.0,2352.0,3707.0,0.472,0.331,0.747,33.0,21.1,3.9,6.1,40.3,0.097,1.0,15.1,2017,de'aaronfox
6,ORL,Jonathan Isaac,Florida State,7.0,328.0,6161.0,2231.0,1491.0,244.0,0.441,0.316,0.732,18.8,6.8,4.5,0.7,14.9,0.116,0.7,4.3,2017,jonathanisaac
7,MIN,Lauri Markkanen,Arizona,9.0,492.0,15401.0,9323.0,3490.0,746.0,0.458,0.37,0.871,31.3,18.9,7.1,1.5,36.7,0.114,1.2,12.2,2017,laurimarkkanen
8,NYK,Frank Ntilikina,,7.0,321.0,5454.0,1535.0,563.0,693.0,0.369,0.32,0.762,17.0,4.8,1.8,2.2,0.3,0.003,-4.4,-3.4,2017,frankntilikina
9,DAL,Dennis Smith Jr.,NC State,7.0,326.0,7601.0,3160.0,967.0,1381.0,0.407,0.298,0.674,23.3,9.7,3.0,4.2,2.3,0.015,-2.1,-0.2,2017,dennissmithjr.
10,SAC,Zach Collins,Gonzaga,8.0,388.0,7321.0,3110.0,1883.0,700.0,0.485,0.334,0.765,18.9,8.0,4.9,1.8,12.4,0.081,-1.4,1.0,2017,zachcollins
11,CHO,Malik Monk,Kentucky,9.0,585.0,13307.0,7216.0,1494.0,1842.0,0.434,0.355,0.851,22.7,12.3,2.6,3.1,16.1,0.058,-1.0,3.1,2017,malikmonk
12,DET,Luke Kennard,Duke,9.0,538.0,12440.0,5169.0,1483.0,1219.0,0.466,0.442,0.885,23.1,9.6,2.8,2.3,28.1,0.108,0.0,6.3,2017,lukekennard
13,DEN,Donovan Mitchell,Louisville,9.0,609.0,20585.0,15272.0,2640.0,2928.0,0.453,0.366,0.844,33.8,25.1,4.3,4.8,60.2,0.14,3.6,29.4,2017,donovanmitchell
14,MIA,Bam Adebayo,Kentucky,9.0,640.0,19719.0,10391.0,5756.0,2276.0,0.522,0.316,0.759,30.8,16.2,9.0,3.6,64.0,0.156,2.5,22.2,2017,bamadebayo
15,POR,Justin Jackson,UNC,7.0,280.0,4886.0,1676.0,654.0,285.0,0.423,0.319,0.796,17.5,6.0,2.3,1.0,5.3,0.052,-2.8,-1.0,2017,justinjackson
16,CHI,Justin Patton,Creighton,4.0,22.0,296.0,86.0,60.0,19.0,0.404,0.25,0.667,13.5,3.9,2.7,0.9,0.4,0.066,-2.8,-0.1,2017,justinpatton
17,MIL,D.J. Wilson,Michigan,6.0,148.0,1818.0,657.0,454.0,110.0,0.422,0.331,0.618,12.3,4.4,3.1,0.7,2.9,0.077,-2.4,-0.2,2017,d.j.wilson
18,IND,T.J. Leaf,UCLA,4.0,146.0,1238.0,477.0,283.0,43.0,0.492,0.341,0.585,8.5,3.3,1.9,0.3,2.7,0.104,-1.8,0.1,2017,t.j.leaf
19,ATL,John Collins,Wake Forest,9.0,541.0,15611.0,8488.0,4172.0,767.0,0.546,0.369,0.789,28.9,15.7,7.7,1.4,43.8,0.135,0.5,10.0,2017,johncollins
20,POR,Harry Giles,Duke,4.0,165.0,1935.0,888.0,573.0,180.0,0.508,0.244,0.661,11.7,5.4,3.5,1.1,3.1,0.076,-2.5,-0.2,2017,harrygiles
21,OKC,Terrance Ferguson,,4.0,204.0,4000.0,924.0,263.0,144.0,0.404,0.334,0.753,19.6,4.5,1.3,0.7,4.4,0.053,-4.0,-2.1,2017,terranceferguson
22,BRK,Jarrett Allen,Texas,9.0,624.0,17540.0,8148.0,5715.0,1048.0,0.641,0.159,0.711,28.1,13.1,9.2,1.7,73.1,0.2,2.4,19.4,2017,jarrettallen
23,TOR,OG Anunoby,Indiana,9.0,559.0,17078.0,7451.0,2495.0,976.0,0.476,0.377,0.774,30.6,13.3,4.5,1.7,37.6,0.106,0.4,10.5,2017,oganunoby
24,UTA,Tyler Lydon,Syracuse,2.0,26.0,96.0,23.0,18.0,6.0,0.5,0.4,0.333,3.7,0.9,0.7,0.2,0.2,0.084,-4.3,-0.1,2017,tylerlydon
25,ORL,Anžejs Pasečņiks,,2.0,28.0,443.0,156.0,108.0,19.0,0.521,0.0,0.586,15.8,5.6,3.9,0.7,0.4,0.038,-6.2,-0.5,2017,anzejspasecniks
26,POR,Caleb Swanigan,Purdue,3.0,75.0,655.0,169.0,218.0,56.0,0.438,0.118,0.614,8.7,2.3,2.9,0.7,-0.2,-0.015,-6.2,-0.7,2017,calebswanigan
27,BRK,Kyle Kuzma,Utah,9.0,610.0,18661.0,10106.0,3726.0,1630.0,0.453,0.335,0.721,30.6,16.6,6.1,2.7,16.3,0.042,-1.6,1.8,2017,kylekuzma
28,LAL,Tony Bradley,UNC,8.0,234.0,2557.0,1015.0,887.0,118.0,0.618,0.474,0.684,10.9,4.3,3.8,0.5,8.9,0.167,-0.5,1.0,2017,tonybradley
29,SAS,Derrick White,Colorado,9.0,571.0,16706.0,7666.0,2147.0,2479.0,0.438,0.36,0.859,29.3,13.4,3.8,4.3,46.7,0.134,2.4,18.4,2017,derrickwhite
30,UTA,Josh Hart,Villanova,9.0,596.0,18123.0,6265.0,4192.0,2005.0,0.475,0.35,0.75,30.4,10.5,7.0,3.4,42.8,0.113,0.8,12.6,2017,joshhart
31,CHO,Frank Jackson,Duke,5.0,214.0,3873.0,1816.0,392.0,222.0,0.421,0.332,0.786,18.1,8.5,1.8,1.0,2.5,0.031,-3.9,-1.9,2017,frankjackson
32,PHO,Davon Reed,Miami (FL),4.0,122.0,1299.0,373.0,212.0,92.0,0.408,0.385,0.667,10.6,3.1,1.7,0.8,1.5,0.054,-2.9,-0.3,2017,davonreed
33,ORL,Wes Iwundu,Kansas State,5.0,226.0,3827.0,989.0,555.0,208.0,0.408,0.292,0.798,16.9,4.4,2.5,0.9,4.2,0.053,-3.9,-1.8,2017,wesiwundu
34,SAC,Frank Mason III,Kansas,4.0,103.0,1616.0,695.0,204.0,272.0,0.396,0.301,0.755,15.7,6.7,2.0,2.6,1.2,0.035,-2.7,-0.3,2017,frankmasoniii
35,ORL,Ivan Rabb,California,2.0,85.0,1237.0,485.0,364.0,86.0,0.555,0.2,0.743,14.6,5.7,4.3,1.0,3.2,0.125,-1.7,0.1,2017,ivanrabb
36,PHI,Jonah Bolden,,2.0,51.0,686.0,217.0,174.0,40.0,0.486,0.34,0.484,13.5,4.3,3.4,0.8,1.4,0.098,-1.3,0.1,2017,jonahbolden
37,BOS,Semi Ojeleye,SMU,5.0,284.0,4111.0,975.0,613.0,126.0,0.384,0.344,0.717,14.5,3.4,2.2,0.4,5.2,0.061,-3.4,-1.5,2017,semiojeleye
38,CHI,Jordan Bell,Oregon,5.0,161.0,1937.0,593.0,497.0,201.0,0.552,0.2,0.636,12.0,3.7,3.1,1.2,4.9,0.121,0.2,1.1,2017,jordanbell
39,PHI,Jawun Evans,Oklahoma State,2.0,56.0,843.0,237.0,96.0,110.0,0.345,0.263,0.776,15.1,4.2,1.7,2.0,-0.4,-0.022,-5.4,-0.7,2017,jawunevans
40,NOP,Dwayne Bacon,Florida State,4.0,207.0,4012.0,1503.0,537.0,230.0,0.402,0.314,0.78,19.4,7.3,2.6,1.1,0.8,0.01,-5.1,-3.1,2017,dwaynebacon
41,ATL,Tyler Dorsey,Oregon,3.0,107.0,1680.0,710.0,245.0,135.0,0.392,0.351,0.669,15.7,6.6,2.3,1.3,1.1,0.031,-3.0,-0.5,2017,tylerdorsey
42,UTA,Thomas Bryant,Indiana,9.0,393.0,6642.0,3328.0,1907.0,359.0,0.573,0.348,0.781,16.9,8.5,4.9,0.9,22.7,0.164,0.9,4.9,2017,thomasbryant
43,HOU,Isaiah Hartenstein,,8.0,426.0,8511.0,3016.0,2866.0,923.0,0.596,0.239,0.675,20.0,7.1,6.7,2.2,33.3,0.188,2.4,9.4,2017,isaiahhartenstein
44,NYK,Damyean Dotson,Oregon,5.0,213.0,4242.0,1594.0,532.0,315.0,0.417,0.345,0.711,19.9,7.5,2.5,1.5,3.0,0.034,-2.8,-0.9,2017,damyeandotson
45,HOU,Dillon Brooks,Oregon,9.0,548.0,16205.0,8101.0,1797.0,1081.0,0.421,0.353,0.81,29.6,14.8,3.3,2.0,16.8,0.05,-3.3,-5.2,2017,dillonbrooks
46,PHI,Sterling Brown,SMU,6.0,268.0,4458.0,1431.0,891.0,268.0,0.419,0.363,0.796,16.6,5.3,3.3,1.0,6.6,0.071,-2.1,-0.1,2017,sterlingbrown
47,IND,Ike Anigbogu,UCLA,2.0,14.0,36.0,13.0,12.0,1.0,0.333,,0.833,2.6,0.9,0.9,0.1,0.0,0.057,-1.1,0.0,2017,ikeanigbogu
48,MIL,Sindarius Thornwell,South Carolina,4.0,160.0,1721.0,401.0,206.0,111.0,0.407,0.34,0.672,10.8,2.5,1.3,0.7,1.1,0.032,-3.1,-0.5,2017,sindariusthornwell
49,DEN,Vlatko Čančar,,5.0,143.0,1527.0,485.0,251.0,123.0,0.472,0.354,0.847,10.7,3.4,1.8,0.9,2.4,0.076,-2.5,-0.2,2017,vlatkocancar
50,PHI,Mathias Lessort,,0.0,0.0,0.0,0.0,0.0,0.0,,,,,,,,0.0,,0.0,0.0,2017,mathiaslessort
51,DEN,Monte Morris,Iowa State,9.0,426.0,9873.0,3998.0,996.0,1519.0,0.473,0.388,0.824,23.2,9.4,2.3,3.6,24.7,0.12,0.2,5.6,2017,montemorris
52,NOP,Edmond Sumner,Xavier,5.0,161.0,2256.0,997.0,244.0,182.0,0.47,0.341,0.811,14.0,6.2,1.5,1.1,3.2,0.069,-3.0,-0.6,2017,edmondsumner
53,BOS,Kadeem Allen,Arizona,3.0,47.0,640.0,258.0,71.0,109.0,0.435,0.349,0.757,13.6,5.5,1.5,2.3,1.0,0.075,-1.2,0.1,2017,kadeemallen
54,PHO,Alec Peters,Valparaiso,1.0,20.0,225.0,82.0,37.0,12.0,0.378,0.31,0.8,11.3,4.1,1.9,0.6,0.3,0.055,-2.8,0.0,2017,alecpeters
55,UTA,Nigel Williams-Goss,Gonzaga,1.0,10.0,50.0,14.0,6.0,6.0,0.313,0.286,1.0,5.0,1.4,0.6,0.6,0.0,0.017,-3.9,0.0,2017,nigelwilliams-goss
56,BOS,Jabari Bird,California,1.0,13.0,115.0,39.0,19.0,8.0,0.577,0.429,0.462,8.8,3.0,1.5,0.6,0.2,0.098,-3.1,0.0,2017,jabaribird
57,BRK,Sasha Vezenkov,,1.0,42.0,511.0,225.0,96.0,19.0,0.44,0.375,0.8,12.2,5.4,2.3,0.5,1.0,0.098,-0.9,0.1,2017,sashavezenkov
58,NYK,Ognjen Jaramaz,,0.0,0.0,0.0,0.0,0.0,0.0,,,,,,,,0.0,,0.0,0.0,2017,ognjenjaramaz
59,SAS,Jaron Blossomgame,Clemson,1.0,27.0,439.0,114.0,98.0,13.0,0.443,0.256,0.769,16.3,4.2,3.6,0.5,0.3,0.03,-3.8,-0.2,2017,jaronblossomgame
60,ATL,Alpha Kaba,,0.0,0.0,0.0,0.0,0.0,0.0,,,,,,,,0.0,,0.0,0.0,2017,alphakaba
1,PHO,Deandre Ayton,Arizona,8.0,470.0,14230.0,7439.0,4742.0,708.0,0.599,0.23,0.741,30.3,15.8,10.1,1.5,43.8,0.148,0.6,9.2,2018,deandreayton
2,SAC,Marvin Bagley III,Duke,8.0,349.0,7675.0,4106.0,2255.0,338.0,0.531,0.308,0.685,22.0,11.8,6.5,1.0,16.3,0.102,-1.2,1.5,2018,marvinbagleyiii
3,ATL,Luka Dončić,,8.0,514.0,18001.0,15021.0,4376.0,4230.0,0.469,0.352,0.755,35.0,29.2,8.5,8.2,66.6,0.178,7.8,44.8,2018,lukadoncic
4,MEM,Jaren Jackson Jr.,Michigan State,8.0,455.0,13093.0,8449.0,2530.0,696.0,0.467,0.351,0.793,28.8,18.6,5.6,1.5,30.2,0.111,0.8,9.2,2018,jarenjacksonjr.
5,DAL,Trae Young,Oklahoma,8.0,498.0,17006.0,12489.0,1717.0,4868.0,0.433,0.352,0.872,34.1,25.1,3.4,9.8,44.7,0.126,2.6,19.7,2018,traeyoung
6,ORL,Mo Bamba,Texas,8.0,368.0,6159.0,2471.0,2002.0,307.0,0.477,0.356,0.682,16.7,6.7,5.4,0.8,15.7,0.122,-0.1,3.0,2018,mobamba
7,CHI,Wendell Carter Jr.,Duke,8.0,461.0,12735.0,5487.0,3750.0,919.0,0.51,0.316,0.74,27.6,11.9,8.1,2.0,33.3,0.126,-0.3,5.3,2018,wendellcarterjr.
8,CLE,Collin Sexton,Alabama,8.0,475.0,13771.0,8708.0,1299.0,1728.0,0.472,0.389,0.841,29.0,18.3,2.7,3.6,19.7,0.069,-1.1,3.0,2018,collinsexton
9,NYK,Kevin Knox,Kentucky,7.0,320.0,5606.0,2322.0,893.0,233.0,0.393,0.34,0.723,17.5,7.3,2.8,0.7,0.9,0.008,-4.4,-3.4,2018,kevinknox
10,PHI,Mikal Bridges,Villanova,8.0,638.0,21206.0,9385.0,2519.0,1821.0,0.485,0.371,0.842,33.2,14.7,3.9,2.9,50.0,0.113,0.9,15.8,2018,mikalbridges
11,CHO,Shai Gilgeous-Alexander,Kentucky,8.0,530.0,17550.0,13411.0,2503.0,2810.0,0.508,0.36,0.864,33.1,25.3,4.7,5.3,75.6,0.207,6.3,36.9,2018,shaigilgeous-alexander
12,LAC,Miles Bridges,Michigan State,7.0,501.0,15457.0,7956.0,3077.0,1381.0,0.461,0.338,0.825,30.9,15.9,6.1,2.8,27.8,0.086,0.1,8.2,2018,milesbridges
13,LAC,Jerome Robinson,Boston College,4.0,135.0,1685.0,545.0,214.0,136.0,0.361,0.297,0.711,12.5,4.0,1.6,1.0,-0.2,-0.004,-4.8,-1.2,2018,jeromerobinson
14,DEN,Michael Porter Jr.,Missouri,7.0,397.0,11725.0,6856.0,2576.0,643.0,0.493,0.398,0.812,29.5,17.3,6.5,1.6,29.4,0.12,1.0,8.9,2018,michaelporterjr.
15,WAS,Troy Brown Jr.,Oregon,6.0,356.0,6778.0,2196.0,1288.0,508.0,0.423,0.351,0.783,19.0,6.2,3.6,1.4,8.6,0.061,-1.8,0.4,2018,troybrownjr.
16,PHO,Zhaire Smith,Texas Tech,2.0,13.0,143.0,48.0,15.0,12.0,0.378,0.316,0.667,11.0,3.7,1.2,0.9,0.0,0.011,-6.1,-0.1,2018,zhairesmith
17,MIL,Donte DiVincenzo,Villanova,8.0,498.0,13104.0,5469.0,2119.0,1512.0,0.423,0.38,0.767,26.3,11.0,4.3,3.0,29.1,0.107,1.0,10.1,2018,dontedivincenzo
18,SAS,Lonnie Walker IV,Miami (FL),7.0,342.0,7025.0,3418.0,791.0,518.0,0.422,0.356,0.795,20.5,10.0,2.3,1.5,4.9,0.033,-2.5,-1.0,2018,lonniewalkeriv
19,ATL,Kevin Huerter,Maryland,8.0,551.0,15115.0,6294.0,1878.0,1592.0,0.442,0.368,0.762,27.4,11.4,3.4,2.9,21.7,0.069,-0.9,4.1,2018,kevinhuerter
20,MIN,Josh Okogie,Georgia Tech,8.0,494.0,9306.0,2994.0,1430.0,549.0,0.409,0.312,0.736,18.8,6.1,2.9,1.1,14.2,0.073,-1.7,0.6,2018,joshokogie
21,UTA,Grayson Allen,Duke,8.0,454.0,11694.0,5091.0,1371.0,1007.0,0.443,0.403,0.857,25.8,11.2,3.0,2.2,26.4,0.109,0.3,6.6,2018,graysonallen
22,CHI,Chandler Hutchison,Boise State,4.0,103.0,1790.0,558.0,376.0,79.0,0.442,0.309,0.643,17.4,5.4,3.7,0.8,1.1,0.03,-3.9,-0.9,2018,chandlerhutchison
23,IND,Aaron Holiday,UCLA,8.0,505.0,8147.0,3209.0,767.0,960.0,0.421,0.384,0.852,16.1,6.4,1.5,1.9,11.6,0.068,-2.0,0.1,2018,aaronholiday
24,POR,Anfernee Simons,,8.0,444.0,11792.0,6622.0,1108.0,1399.0,0.432,0.381,0.881,26.6,14.9,2.5,3.2,15.7,0.064,-1.0,2.9,2018,anferneesimons
25,LAL,Moritz Wagner,Michigan,8.0,399.0,6478.0,3575.0,1551.0,466.0,0.518,0.323,0.808,16.2,9.0,3.9,1.2,17.9,0.132,0.1,3.4,2018,moritzwagner
26,PHI,Landry Shamet,Wichita State,8.0,449.0,9560.0,3788.0,754.0,669.0,0.416,0.386,0.815,21.3,8.4,1.7,1.5,15.7,0.079,-1.8,0.4,2018,landryshamet
27,BOS,Robert Williams,Texas A&M,8.0,294.0,5762.0,2088.0,2018.0,385.0,0.72,0.333,0.661,19.6,7.1,6.9,1.3,28.3,0.236,4.6,9.6,2018,robertwilliams
28,GSW,Jacob Evans,Cincinnati,2.0,59.0,622.0,168.0,66.0,54.0,0.337,0.315,0.833,10.5,2.8,1.1,0.9,-0.6,-0.047,-7.4,-0.8,2018,jacobevans
29,BRK,Džanan Musa,,2.0,49.0,526.0,211.0,91.0,45.0,0.376,0.227,0.726,10.7,4.3,1.9,0.9,0.0,0.003,-4.6,-0.4,2018,dzananmusa
30,ATL,Omari Spellman,Villanova,2.0,95.0,1691.0,642.0,413.0,94.0,0.417,0.366,0.766,17.8,6.8,4.3,1.0,2.4,0.068,-1.5,0.2,2018,omarispellman
31,PHO,Elie Okobo,,2.0,108.0,1677.0,523.0,188.0,242.0,0.395,0.315,0.737,15.5,4.8,1.7,2.2,0.5,0.014,-4.1,-0.9,2018,elieokobo
32,MEM,Jevon Carter,West Virginia,8.0,465.0,7146.0,2484.0,776.0,738.0,0.395,0.377,0.797,15.4,5.3,1.7,1.6,9.4,0.063,-1.4,1.0,2018,jevoncarter
33,DAL,Jalen Brunson,Villanova,8.0,561.0,16830.0,10748.0,1796.0,2952.0,0.485,0.385,0.826,30.0,19.2,3.2,5.3,54.2,0.155,2.4,18.8,2018,jalenbrunson
34,ATL,Devonte' Graham,Kansas,6.0,336.0,8359.0,3733.0,758.0,1448.0,0.371,0.354,0.812,24.9,11.1,2.3,4.3,12.7,0.073,-0.5,3.2,2018,devonte'graham
35,ORL,Melvin Frazier,Tulane,3.0,32.0,290.0,87.0,28.0,5.0,0.34,0.209,0.533,9.1,2.7,0.9,0.2,-0.4,-0.062,-10.0,-0.6,2018,melvinfrazier
36,NYK,Mitchell Robinson,,8.0,397.0,9297.0,2976.0,3164.0,264.0,0.702,,0.508,23.4,7.5,8.0,0.7,41.0,0.212,2.3,10.1,2018,mitchellrobinson
37,SAC,Gary Trent Jr.,Duke,8.0,480.0,13075.0,6227.0,1050.0,678.0,0.42,0.387,0.819,27.2,13.0,2.2,1.4,19.0,0.07,-1.6,1.4,2018,garytrentjr.
38,PHI,Khyri Thomas,Creighton,3.0,39.0,409.0,160.0,39.0,36.0,0.388,0.316,0.75,10.5,4.1,1.0,0.9,0.5,0.058,-2.7,-0.1,2018,khyrithomas
39,PHI,Isaac Bonga,,4.0,143.0,1871.0,439.0,320.0,118.0,0.432,0.3,0.759,13.1,3.1,2.2,0.8,1.7,0.044,-3.6,-0.7,2018,isaacbonga
40,BRK,Rodions Kurucs,,3.0,131.0,2103.0,780.0,406.0,113.0,0.444,0.329,0.739,16.1,6.0,3.1,0.9,2.3,0.052,-2.8,-0.4,2018,rodionskurucs
41,ORL,Jarred Vanderbilt,Kentucky,8.0,374.0,7303.0,2096.0,2218.0,520.0,0.546,0.29,0.633,19.5,5.6,5.9,1.4,18.6,0.122,-0.2,3.3,2018,jarredvanderbilt
42,DET,Bruce Brown,Miami (FL),8.0,539.0,13374.0,4694.0,2247.0,1291.0,0.476,0.344,0.767,24.8,8.7,4.2,2.4,22.9,0.082,-1.6,1.3,2018,brucebrown
43,DEN,Justin Jackson,Maryland,0.0,0.0,0.0,0.0,0.0,0.0,,,,,,,,0.0,,0.0,0.0,2018,justinjackson
44,WAS,Issuf Sanon,,0.0,0.0,0.0,0.0,0.0,0.0,,,,,,,,0.0,,0.0,0.0,2018,issufsanon
45,BRK,Hamidou Diallo,Kentucky,6.0,265.0,4918.0,2272.0,1009.0,283.0,0.495,0.274,0.623,18.6,8.6,3.8,1.1,6.2,0.06,-2.1,-0.1,2018,hamidoudiallo
46,HOU,De'Anthony Melton,USC,8.0,405.0,9272.0,3833.0,1474.0,1113.0,0.41,0.358,0.789,22.9,9.5,3.6,2.7,15.0,0.078,0.2,5.2,2018,de'anthonymelton
47,LAL,Svi Mykhailiuk,Kansas,8.0,381.0,6542.0,2638.0,713.0,555.0,0.414,0.368,0.778,17.2,6.9,1.9,1.5,5.3,0.039,-2.4,-0.6,2018,svimykhailiuk
48,MIN,Keita Bates-Diop,Ohio State,6.0,283.0,4566.0,1697.0,848.0,241.0,0.474,0.333,0.751,16.1,6.0,3.0,0.9,7.4,0.078,-1.6,0.5,2018,keitabates-diop
49,SAS,Chimezie Metu,USC,6.0,260.0,3565.0,1522.0,908.0,197.0,0.495,0.298,0.787,13.7,5.9,3.5,0.8,5.7,0.076,-1.6,0.3,2018,chimeziemetu
50,IND,Alize Johnson,Missouri State,5.0,76.0,568.0,189.0,228.0,32.0,0.481,0.227,0.711,7.5,2.5,3.0,0.4,1.3,0.108,-2.4,-0.1,2018,alizejohnson
51,NOP,Tony Carr,Penn State,0.0,0.0,0.0,0.0,0.0,0.0,,,,,,,,0.0,,0.0,0.0,2018,tonycarr
52,UTA,Vince Edwards,Purdue,1.0,2.0,16.0,3.0,2.0,0.0,0.25,0.25,,8.0,1.5,1.0,0.0,0.0,-0.014,-6.4,0.0,2018,vinceedwards
53,OKC,Devon Hall,Virginia,1.0,11.0,81.0,20.0,7.0,13.0,0.2,0.235,0.5,7.4,1.8,0.6,1.2,-0.2,-0.116,-6.7,-0.1,2018,devonhall
54,DAL,Shake Milton,SMU,7.0,359.0,6698.0,2899.0,783.0,856.0,0.451,0.358,0.824,18.7,8.1,2.2,2.4,11.7,0.084,-2.0,-0.1,2018,shakemilton
55,CHO,Arnoldas Kulboka,,1.0,2.0,5.0,0.0,0.0,0.0,0.0,0.0,,2.5,0.0,0.0,0.0,0.0,-0.217,-21.8,0.0,2018,arnoldaskulboka
56,PHI,Ray Spalding,Louisville,2.0,16.0,167.0,58.0,52.0,5.0,0.529,0.0,0.286,10.4,3.6,3.3,0.3,0.1,0.024,-6.2,-0.2,2018,rayspalding
57,OKC,Kevin Hervey,UT Arlington,1.0,10.0,52.0,17.0,12.0,5.0,0.259,0.15,,5.2,1.7,1.2,0.5,-0.1,-0.085,-5.1,0.0,2018,kevinhervey
58,DEN,Thomas Welsh,UCLA,1.0,11.0,36.0,18.0,4.0,5.0,0.538,0.429,0.5,3.3,1.6,0.4,0.5,0.1,0.162,1.2,0.0,2018,thomaswelsh
59,PHO,George King,Colorado,2.0,5.0,25.0,1.0,6.0,0.0,0.0,0.0,0.5,5.0,0.2,1.2,0.0,-0.1,-0.225,-17.2,-0.1,2018,georgeking
60,PHI,Kostas Antetokounmpo,Dayton,3.0,22.0,87.0,21.0,23.0,3.0,0.375,,0.474,4.0,1.0,1.0,0.1,-0.2,-0.098,-9.9,-0.2,2018,kostasantetokounmpo
1,NOP,Zion Williamson,Duke,6.0,276.0,8555.0,6581.0,1768.0,1119.0,0.591,0.324,0.695,31.0,23.8,6.4,4.1,30.3,0.17,4.5,14.1,2019,zionwilliamson
2,MEM,Ja Morant,Murray State,7.0,327.0,10370.0,7331.0,1513.0,2428.0,0.466,0.311,0.773,31.7,22.4,4.6,7.4,24.3,0.113,2.5,11.8,2019,jamorant
3,NYK,RJ Barrett,Duke,7.0,444.0,14540.0,8391.0,2450.0,1465.0,0.447,0.345,0.7,32.7,18.9,5.5,3.3,17.3,0.057,-1.5,1.8,2019,rjbarrett
4,LAL,De'Andre Hunter,Virginia,7.0,372.0,10996.0,5454.0,1521.0,587.0,0.447,0.364,0.825,29.6,14.7,4.1,1.6,13.1,0.057,-2.7,-2.0,2019,de'andrehunter
5,CLE,Darius Garland,Vanderbilt,7.0,427.0,14037.0,8049.0,1122.0,2859.0,0.454,0.389,0.866,32.9,18.9,2.6,6.7,27.1,0.093,0.2,7.9,2019,dariusgarland
6,PHO,Jarrett Culver,Texas Tech,4.0,144.0,2480.0,934.0,402.0,173.0,0.401,0.276,0.509,17.2,6.5,2.8,1.2,-0.1,-0.001,-4.5,-1.6,2019,jarrettculver
7,CHI,Coby White,UNC,7.0,472.0,13815.0,7273.0,1709.0,1818.0,0.434,0.369,0.856,29.3,15.4,3.6,3.9,19.9,0.069,-1.5,1.7,2019,cobywhite
8,ATL,Jaxson Hayes,Texas,7.0,433.0,7229.0,2991.0,1714.0,318.0,0.665,0.28,0.689,16.7,6.9,4.0,0.7,25.1,0.167,-0.1,3.5,2019,jaxsonhayes
9,WAS,Rui Hachimura,Gonzaga,7.0,405.0,11272.0,5098.0,1864.0,496.0,0.499,0.394,0.758,27.8,12.6,4.6,1.2,18.7,0.08,-2.0,0.1,2019,ruihachimura
10,ATL,Cam Reddish,Duke,6.0,254.0,5876.0,2151.0,678.0,297.0,0.398,0.322,0.821,23.1,8.5,2.7,1.2,3.3,0.027,-3.1,-1.7,2019,camreddish
11,MIN,Cameron Johnson,UNC,7.0,394.0,10667.0,5055.0,1548.0,796.0,0.457,0.396,0.849,27.1,12.8,3.9,2.0,26.6,0.12,1.2,8.8,2019,cameronjohnson
12,CHO,P.J. Washington,Kentucky,7.0,446.0,13653.0,5914.0,2676.0,976.0,0.448,0.354,0.705,30.6,13.3,6.0,2.2,16.5,0.058,-1.3,2.6,2019,p.j.washington
13,MIA,Tyler Herro,Kentucky,7.0,394.0,12796.0,7664.0,1960.0,1596.0,0.45,0.382,0.878,32.5,19.5,5.0,4.1,22.3,0.084,0.8,9.0,2019,tylerherro
14,BOS,Romeo Langford,Indiana,4.0,141.0,2268.0,650.0,298.0,97.0,0.43,0.288,0.659,16.1,4.6,2.1,0.7,2.0,0.043,-3.4,-0.8,2019,romeolangford
15,DET,Sekou Doumbouya,,3.0,96.0,1639.0,542.0,267.0,66.0,0.388,0.256,0.693,17.1,5.6,2.8,0.7,-0.4,-0.013,-6.5,-1.8,2019,sekoudoumbouya
16,ORL,Chuma Okeke,Auburn,5.0,198.0,4028.0,1242.0,751.0,291.0,0.387,0.321,0.787,20.3,6.3,3.8,1.5,5.0,0.06,-1.1,1.0,2019,chumaokeke
17,BRK,Nickeil Alexander-Walker,Virginia Tech,7.0,459.0,10545.0,4882.0,1216.0,1168.0,0.427,0.372,0.807,23.0,10.6,2.6,2.5,16.5,0.075,-0.6,3.7,2019,nickeilalexander-walker
18,IND,Goga Bitadze,,7.0,383.0,5577.0,2107.0,1639.0,454.0,0.561,0.229,0.671,14.6,5.5,4.3,1.2,19.3,0.166,1.1,4.4,2019,gogabitadze
19,SAS,Luka Šamanić,,4.0,86.0,921.0,384.0,210.0,55.0,0.411,0.247,0.706,10.7,4.5,2.4,0.6,0.0,0.001,-5.6,-0.8,2019,lukasamanic
20,BOS,Matisse Thybulle,Washington,7.0,377.0,7749.0,1872.0,769.0,415.0,0.438,0.349,0.683,20.6,5.0,2.0,1.1,15.4,0.095,1.1,6.1,2019,matissethybulle
21,OKC,Brandon Clarke,Gonzaga,7.0,309.0,6412.0,3144.0,1689.0,410.0,0.605,0.266,0.697,20.8,10.2,5.5,1.3,24.6,0.184,2.4,7.1,2019,brandonclarke
22,BOS,Grant Williams,Tennessee,7.0,416.0,9421.0,2976.0,1535.0,608.0,0.45,0.378,0.778,22.6,7.2,3.7,1.5,17.4,0.089,-1.6,1.0,2019,grantwilliams
23,UTA,Darius Bazley,,5.0,237.0,5536.0,2113.0,1244.0,282.0,0.414,0.309,0.677,23.4,8.9,5.2,1.2,3.1,0.027,-2.4,-0.6,2019,dariusbazley
24,PHI,Ty Jerome,Virginia,7.0,244.0,4480.0,2281.0,509.0,733.0,0.46,0.386,0.854,18.4,9.3,2.1,3.0,11.2,0.12,0.9,3.3,2019,tyjerome
25,POR,Nassir Little,UNC,5.0,237.0,3735.0,1313.0,688.0,170.0,0.452,0.33,0.735,15.8,5.5,2.9,0.7,4.7,0.061,-2.6,-0.5,2019,nassirlittle
26,CLE,Dylan Windler,Belmont,4.0,101.0,1090.0,319.0,212.0,78.0,0.425,0.347,0.8,10.8,3.2,2.1,0.8,1.6,0.072,-1.4,0.2,2019,dylanwindler
27,BRK,Mfiondu Kabengele,Florida State,3.0,55.0,380.0,143.0,81.0,19.0,0.383,0.301,0.852,6.9,2.6,1.5,0.3,0.4,0.055,-3.6,-0.2,2019,mfiondukabengele
28,GSW,Jordan Poole,Michigan,7.0,451.0,12283.0,7466.0,1187.0,1671.0,0.418,0.344,0.877,27.2,16.6,2.6,3.7,11.4,0.045,-1.9,0.4,2019,jordanpoole
29,SAS,Keldon Johnson,Kentucky,7.0,452.0,12511.0,6842.0,2432.0,908.0,0.475,0.353,0.767,27.7,15.1,5.4,2.0,23.2,0.089,-1.0,3.2,2019,keldonjohnson
30,MIL,Kevin Porter Jr.,USC,6.0,309.0,8671.0,4440.0,1318.0,1523.0,0.439,0.348,0.757,28.1,14.4,4.3,4.9,9.0,0.05,-0.9,2.5,2019,kevinporterjr.
31,BRK,Nic Claxton,Georgia,7.0,380.0,9944.0,4024.0,2875.0,788.0,0.622,0.186,0.555,26.2,10.6,7.6,2.1,30.9,0.149,1.3,8.2,2019,nicclaxton
32,PHO,KZ Okpala,Stanford,4.0,98.0,965.0,222.0,148.0,47.0,0.409,0.286,0.667,9.8,2.3,1.5,0.5,1.0,0.05,-4.7,-0.7,2019,kzokpala
33,PHI,Carsen Edwards,Purdue,3.0,72.0,706.0,267.0,79.0,52.0,0.364,0.297,0.758,9.8,3.7,1.1,0.7,0.3,0.019,-5.1,-0.5,2019,carsenedwards
34,PHI,Bruno Fernando,Maryland,6.0,220.0,2326.0,872.0,712.0,161.0,0.543,0.122,0.653,10.6,4.0,3.2,0.7,3.8,0.079,-3.0,-0.6,2019,brunofernando
35,ATL,Didi Louzada,,2.0,12.0,185.0,43.0,20.0,8.0,0.326,0.355,1.0,15.4,3.6,1.7,0.7,-0.1,-0.034,-8.1,-0.3,2019,didilouzada
36,CHO,Cody Martin,Nevada,7.0,263.0,5733.0,1600.0,975.0,582.0,0.434,0.305,0.658,21.8,6.1,3.7,2.2,7.1,0.059,-1.8,0.3,2019,codymartin
37,DAL,Deividas Sirvydis,,2.0,23.0,160.0,44.0,35.0,6.0,0.3,0.314,0.5,7.0,1.9,1.5,0.3,-0.1,-0.032,-5.9,-0.2,2019,deividassirvydis
38,CHI,Daniel Gafford,Arkansas,7.0,433.0,8684.0,4021.0,2505.0,455.0,0.702,0.0,0.674,20.1,9.3,5.8,1.1,35.2,0.195,1.7,8.2,2019,danielgafford
39,NOP,Alen Smailagić,,2.0,29.0,223.0,87.0,43.0,17.0,0.463,0.304,0.72,7.7,3.0,1.5,0.6,0.3,0.056,-3.3,-0.1,2019,alensmailagic
40,SAC,Justin James,Wyoming,2.0,72.0,542.0,228.0,62.0,40.0,0.446,0.343,0.544,7.5,3.2,0.9,0.6,0.3,0.024,-3.1,-0.2,2019,justinjames
41,GSW,Eric Paschall,Villanova,3.0,158.0,3086.0,1552.0,509.0,214.0,0.494,0.326,0.758,19.5,9.8,3.2,1.4,5.0,0.078,-2.2,-0.1,2019,ericpaschall
42,PHI,Admiral Schofield,Tennessee,4.0,131.0,1372.0,426.0,215.0,78.0,0.417,0.326,0.782,10.5,3.3,1.6,0.6,1.2,0.043,-4.6,-0.9,2019,admiralschofield
43,MIN,Jaylen Nowell,Washington,6.0,205.0,3519.0,1815.0,445.0,380.0,0.442,0.316,0.792,17.2,8.9,2.2,1.9,4.7,0.064,-2.1,-0.1,2019,jaylennowell
44,MIA,Bol Bol,Oregon,6.0,202.0,2750.0,1243.0,709.0,126.0,0.545,0.332,0.749,13.6,6.2,3.5,0.6,5.0,0.088,-0.4,1.1,2019,bolbol
45,DET,Isaiah Roby,Nebraska,4.0,151.0,2858.0,1159.0,667.0,216.0,0.485,0.351,0.675,18.9,7.7,4.4,1.4,4.0,0.068,-2.3,-0.2,2019,isaiahroby
46,ORL,Talen Horton-Tucker,Iowa State,6.0,305.0,5942.0,2809.0,800.0,852.0,0.427,0.299,0.771,19.5,9.2,2.6,2.8,6.0,0.049,-2.0,0.0,2019,talenhorton-tucker
47,SAC,Ignas Brazdeikis,Michigan,3.0,64.0,838.0,318.0,122.0,58.0,0.416,0.315,0.686,13.1,5.0,1.9,0.9,0.4,0.024,-4.9,-0.6,2019,ignasbrazdeikis
48,LAC,Terance Mann,Florida State,7.0,475.0,10630.0,3786.0,1651.0,980.0,0.496,0.371,0.782,22.4,8.0,3.5,2.1,23.3,0.105,-1.2,2.2,2019,terancemann
49,SAS,Quinndary Weatherspoon,Mississippi State,3.0,42.0,272.0,88.0,32.0,24.0,0.452,0.188,0.826,6.5,2.1,0.8,0.6,0.2,0.03,-5.5,-0.2,2019,quinndaryweatherspoon
50,IND,Jarrell Brantley,College of Charleston,3.0,41.0,273.0,110.0,53.0,29.0,0.457,0.38,0.833,6.7,2.7,1.3,0.7,0.6,0.108,0.0,0.1,2019,jarrellbrantley
51,BOS,Tremont Waters,LSU,3.0,40.0,407.0,149.0,37.0,85.0,0.354,0.296,0.96,10.2,3.7,0.9,2.1,0.1,0.012,-3.0,-0.1,2019,tremontwaters
52,CHO,Jalen McDaniels,San Diego State,6.0,252.0,4550.0,1699.0,829.0,292.0,0.449,0.322,0.777,18.1,6.7,3.3,1.2,5.3,0.056,-3.3,-1.5,2019,jalenmcdaniels
53,UTA,Justin Wright-Foreman,Hofstra,1.0,4.0,45.0,19.0,5.0,7.0,0.35,0.2,0.75,11.3,4.8,1.3,1.8,0.0,-0.008,-9.0,-0.1,2019,justinwright-foreman
54,PHI,Marial Shayok,Iowa State,1.0,4.0,28.0,11.0,7.0,1.0,0.25,0.333,0.75,7.0,2.8,1.8,0.3,-0.1,-0.13,-13.0,-0.1,2019,marialshayok
55,NYK,Kyle Guy,Virginia,3.0,53.0,431.0,165.0,53.0,50.0,0.361,0.303,0.75,8.1,3.1,1.0,0.9,0.1,0.006,-4.9,-0.3,2019,kyleguy
56,LAC,Jaylen Hands,UCLA,0.0,0.0,0.0,0.0,0.0,0.0,,,,,,,,0.0,,0.0,0.0,2019,jaylenhands
57,NOP,Jordan Bone,Tennessee,2.0,24.0,249.0,68.0,28.0,26.0,0.378,0.286,,10.4,2.8,1.2,1.1,0.1,0.01,-5.9,-0.2,2019,jordanbone
58,GSW,Miye Oni,Yale,3.0,80.0,672.0,145.0,108.0,37.0,0.35,0.33,0.75,8.4,1.8,1.4,0.5,1.0,0.07,-2.5,-0.1,2019,miyeoni
59,TOR,Dewan Hernandez,Miami (FL),1.0,6.0,28.0,14.0,14.0,3.0,0.357,0.5,0.6,4.7,2.3,2.3,0.5,0.0,0.043,-9.6,-0.1,2019,dewanhernandez
60,SAC,Vanja Marinković,,0.0,0.0,0.0,0.0,0.0,0.0,,,,,,,,0.0,,0.0,0.0,2019,vanjamarinkovic
1,MIN,Anthony Edwards,Georgia,6.0,442.0,15400.0,10854.0,2319.0,1826.0,0.453,0.369,0.802,34.8,24.6,5.2,4.1,31.4,0.098,2.1,15.8,2020,anthonyedwards
2,GSW,James Wiseman,Memphis,5.0,152.0,2857.0,1363.0,838.0,113.0,0.56,0.262,0.682,18.8,9.0,5.5,0.7,4.3,0.072,-4.0,-1.5,2020,jameswiseman
3,CHO,LaMelo Ball,,6.0,303.0,9392.0,6304.0,1726.0,2224.0,0.418,0.365,0.847,31.0,20.8,5.7,7.3,19.8,0.101,3.3,12.5,2020,lameloball
4,CHI,Patrick Williams,Florida State,6.0,348.0,8952.0,3141.0,1341.0,509.0,0.438,0.381,0.762,25.7,9.0,3.9,1.5,8.3,0.044,-2.6,-1.4,2020,patrickwilliams
5,CLE,Isaac Okoro,Auburn,6.0,397.0,10441.0,3292.0,1103.0,636.0,0.465,0.347,0.741,26.3,8.3,2.8,1.6,18.2,0.084,-2.3,-0.8,2020,isaacokoro
6,ATL,Onyeka Okongwu,USC,6.0,381.0,9208.0,4083.0,2620.0,625.0,0.573,0.356,0.756,24.2,10.7,6.9,1.6,30.9,0.161,0.6,6.0,2020,onyekaokongwu
7,DET,Killian Hayes,,6.0,239.0,6047.0,1885.0,691.0,1202.0,0.377,0.28,0.792,25.3,7.9,2.9,5.0,-0.4,-0.004,-4.0,-3.0,2020,killianhayes
8,NYK,Obi Toppin,Dayton,6.0,386.0,6662.0,3353.0,1337.0,483.0,0.521,0.355,0.786,17.3,8.7,3.5,1.3,17.7,0.128,1.2,5.4,2020,obitoppin
9,WAS,Deni Avdija,,6.0,425.0,11878.0,5643.0,2690.0,1450.0,0.462,0.333,0.771,27.9,13.3,6.3,3.4,21.7,0.088,0.0,6.0,2020,deniavdija
10,PHO,Jalen Smith,Maryland,6.0,324.0,5463.0,2831.0,1787.0,287.0,0.501,0.342,0.752,16.9,8.7,5.5,0.9,14.6,0.128,-0.3,2.4,2020,jalensmith
11,SAS,Devin Vassell,Florida State,6.0,370.0,10446.0,5212.0,1413.0,955.0,0.443,0.372,0.807,28.2,14.1,3.8,2.6,16.8,0.077,-0.3,4.4,2020,devinvassell
12,SAC,Tyrese Haliburton,Iowa State,5.0,333.0,10998.0,5842.0,1218.0,2947.0,0.477,0.392,0.855,33.0,17.5,3.7,8.8,37.6,0.164,4.8,18.9,2020,tyresehaliburton
13,NOP,Kira Lewis Jr.,Alabama,4.0,131.0,1745.0,687.0,169.0,233.0,0.397,0.294,0.848,13.3,5.2,1.3,1.8,1.3,0.036,-3.5,-0.6,2020,kiralewisjr.
14,BOS,Aaron Nesmith,Vanderbilt,6.0,333.0,7511.0,3191.0,1133.0,391.0,0.453,0.383,0.828,22.6,9.6,3.4,1.2,11.2,0.072,-2.1,-0.2,2020,aaronnesmith
15,ORL,Cole Anthony,UNC,6.0,355.0,8462.0,4249.0,1459.0,1344.0,0.419,0.343,0.841,23.8,12.0,4.1,3.8,10.5,0.06,-0.8,2.5,2020,coleanthony
16,POR,Isaiah Stewart,Washington,6.0,365.0,8859.0,3212.0,2467.0,473.0,0.514,0.343,0.737,24.3,8.8,6.8,1.3,19.5,0.106,-1.5,1.2,2020,isaiahstewart
17,MIN,Aleksej Pokusevski,,4.0,168.0,3429.0,1253.0,778.0,327.0,0.391,0.304,0.702,20.4,7.5,4.6,1.9,-0.2,-0.002,-3.1,-1.0,2020,aleksejpokusevski
18,DAL,Josh Green,Arizona,6.0,349.0,7323.0,2190.0,879.0,495.0,0.48,0.387,0.705,21.0,6.3,2.5,1.4,11.1,0.073,-2.6,-1.2,2020,joshgreen
19,BRK,Saddiq Bey,Villanova,5.0,364.0,11050.0,5374.0,1932.0,720.0,0.418,0.355,0.842,30.4,14.8,5.3,2.0,20.0,0.087,-0.5,4.3,2020,saddiqbey
20,MIA,Precious Achiuwa,Memphis,6.0,393.0,8141.0,3156.0,2305.0,414.0,0.494,0.299,0.596,20.7,8.0,5.9,1.1,14.8,0.087,-2.1,-0.3,2020,preciousachiuwa
21,PHI,Tyrese Maxey,Kentucky,6.0,388.0,12848.0,8182.0,1242.0,1864.0,0.461,0.377,0.873,33.1,21.1,3.2,4.8,35.1,0.131,2.2,13.5,2020,tyresemaxey
22,DEN,Zeke Nnaji,Arizona,6.0,303.0,3633.0,1243.0,702.0,129.0,0.503,0.345,0.671,12.0,4.1,2.3,0.4,7.5,0.1,-2.8,-0.7,2020,zekennaji
23,NYK,Leandro Bolmaro,,2.0,49.0,309.0,56.0,50.0,28.0,0.27,0.227,0.846,6.3,1.1,1.0,0.6,-0.3,-0.048,-7.8,-0.5,2020,leandrobolmaro
24,MIL,R.J. Hampton,,4.0,170.0,3116.0,1155.0,466.0,307.0,0.408,0.338,0.679,18.3,6.8,2.7,1.8,0.8,0.013,-3.8,-1.4,2020,r.j.hampton
25,OKC,Immanuel Quickley,Kentucky,6.0,394.0,10523.0,5692.0,1379.0,1618.0,0.426,0.375,0.852,26.7,14.4,3.5,4.1,27.9,0.127,1.5,9.2,2020,immanuelquickley
26,BOS,Payton Pritchard,Oregon,6.0,426.0,9564.0,4498.0,1264.0,1291.0,0.457,0.394,0.869,22.5,10.6,3.0,3.0,29.4,0.148,1.5,8.5,2020,paytonpritchard
27,UTA,Udoka Azubuike,Kansas,4.0,84.0,724.0,256.0,235.0,14.0,0.758,,0.444,8.6,3.0,2.8,0.2,2.0,0.133,-1.5,0.1,2020,udokaazubuike
28,LAL,Jaden McDaniels,Washington,6.0,439.0,12765.0,4868.0,1836.0,761.0,0.489,0.359,0.774,29.1,11.1,4.2,1.7,23.1,0.087,-1.5,1.5,2020,jadenmcdaniels
29,TOR,Malachi Flynn,San Diego State,5.0,217.0,3076.0,1184.0,376.0,414.0,0.387,0.333,0.747,14.2,5.5,1.7,1.9,2.9,0.045,-2.6,-0.5,2020,malachiflynn
30,BOS,Desmond Bane,TCU,6.0,395.0,12030.0,7227.0,1776.0,1517.0,0.475,0.407,0.89,30.5,18.3,4.5,3.8,33.0,0.132,2.2,12.7,2020,desmondbane
31,DAL,Tyrell Terry,Stanford,2.0,13.0,59.0,13.0,6.0,6.0,0.353,0.0,0.333,4.5,1.0,0.5,0.5,0.0,-0.035,-4.8,0.0,2020,tyrellterry
32,CHO,Vernon Carey Jr.,Duke,3.0,37.0,187.0,72.0,50.0,5.0,0.474,0.143,0.654,5.1,1.9,1.4,0.1,0.2,0.058,-6.3,-0.2,2020,vernoncareyjr.
33,MIN,Daniel Oturu,Minnesota,2.0,33.0,188.0,63.0,53.0,10.0,0.431,0.167,0.706,5.7,1.9,1.6,0.3,0.3,0.086,-5.2,-0.2,2020,danieloturu
34,PHI,Théo Maledon,,4.0,177.0,3753.0,1373.0,489.0,518.0,0.372,0.31,0.793,21.2,7.8,2.8,2.9,-0.2,-0.002,-4.6,-2.4,2020,theomaledon
35,SAC,Xavier Tillman Sr.,Michigan State,6.0,290.0,4354.0,1433.0,1021.0,330.0,0.506,0.246,0.572,15.0,4.9,3.5,1.1,10.3,0.114,-0.2,2.0,2020,xaviertillmansr.
36,PHI,Tyler Bey,Colorado,1.0,18.0,71.0,18.0,19.0,3.0,0.318,0.25,0.6,3.9,1.0,1.1,0.2,0.0,-0.033,-9.5,-0.1,2020,tylerbey
37,WAS,Vít Krejčí,,5.0,203.0,3941.0,1320.0,483.0,371.0,0.458,0.393,0.754,19.4,6.5,2.4,1.8,6.9,0.084,-2.0,0.1,2020,vitkrejci
38,UTA,Saben Lee,Vanderbilt,4.0,134.0,1943.0,697.0,260.0,378.0,0.421,0.271,0.734,14.5,5.2,1.9,2.8,3.5,0.085,-1.4,0.3,2020,sabenlee
39,NOP,Elijah Hughes,Syracuse,2.0,54.0,498.0,157.0,67.0,28.0,0.328,0.28,0.769,9.2,2.9,1.2,0.5,-0.4,-0.039,-6.4,-0.5,2020,elijahhughes
40,MEM,Robert Woodard II,Mississippi State,2.0,25.0,87.0,27.0,27.0,5.0,0.278,0.2,0.5,3.5,1.1,1.1,0.2,-0.1,-0.077,-7.7,-0.1,2020,robertwoodardii
41,SAS,Tre Jones,Duke,6.0,362.0,8196.0,3397.0,1030.0,1740.0,0.503,0.312,0.84,22.6,9.4,2.8,4.8,20.3,0.119,-0.1,4.0,2020,trejones
42,NOP,Nick Richards,Kentucky,6.0,305.0,5363.0,2154.0,1761.0,172.0,0.621,0.261,0.724,17.6,7.1,5.8,0.6,13.9,0.124,-2.9,-1.2,2020,nickrichards
43,SAC,Jahmi'us Ramsey,Texas Tech,3.0,39.0,349.0,147.0,45.0,21.0,0.416,0.271,0.68,8.9,3.8,1.2,0.5,-0.1,-0.008,-5.4,-0.3,2020,jahmi'usramsey
44,CHI,Marko Simonovic,,2.0,16.0,55.0,23.0,12.0,0.0,0.273,0.222,0.692,3.4,1.4,0.8,0.0,0.0,-0.026,-12.3,-0.1,2020,markosimonovic
45,MIL,Jordan Nwora,Louisville,4.0,206.0,3359.0,1564.0,659.0,216.0,0.433,0.376,0.807,16.3,7.6,3.2,1.0,3.0,0.043,-2.8,-0.7,2020,jordannwora
46,POR,CJ Elleby,Washington State,2.0,88.0,1366.0,407.0,259.0,97.0,0.39,0.275,0.717,15.5,4.6,2.9,1.1,0.5,0.018,-5.2,-1.1,2020,cjelleby
47,BOS,Yam Madar,,0.0,0.0,0.0,0.0,0.0,0.0,,,,,,,,0.0,,0.0,0.0,2020,yammadar
48,GSW,Nico Mannion,Arizona,1.0,30.0,364.0,123.0,46.0,70.0,0.342,0.367,0.821,12.1,4.1,1.5,2.3,0.2,0.029,-3.9,-0.2,2020,nicomannion
49,PHI,Isaiah Joe,Arkansas,6.0,392.0,6943.0,3219.0,824.0,455.0,0.436,0.406,0.855,17.7,8.2,2.1,1.2,19.0,0.131,0.6,4.6,2020,isaiahjoe
50,ATL,Skylar Mays,LSU,4.0,105.0,1111.0,451.0,122.0,182.0,0.445,0.345,0.859,10.6,4.3,1.2,1.7,2.1,0.092,-0.7,0.4,2020,skylarmays
51,GSW,Justinian Jessup,Boise State,0.0,0.0,0.0,0.0,0.0,0.0,,,,,,,,0.0,,0.0,0.0,2020,justinianjessup
52,SAC,KJ Martin,,5.0,309.0,6674.0,2652.0,1247.0,371.0,0.545,0.329,0.673,21.6,8.6,4.0,1.2,12.4,0.089,-1.8,0.4,2020,kjmartin
53,OKC,Cassius Winston,Michigan State,2.0,29.0,137.0,55.0,10.0,19.0,0.409,0.435,0.9,4.7,1.9,0.3,0.7,0.1,0.051,-4.9,-0.1,2020,cassiuswinston
54,IND,Cassius Stanley,Duke,2.0,33.0,248.0,88.0,39.0,5.0,0.36,0.233,0.895,7.5,2.7,1.2,0.2,0.0,-0.006,-7.9,-0.4,2020,cassiusstanley
55,BRK,Jay Scrubb,John A. Logan College,3.0,24.0,235.0,97.0,36.0,10.0,0.416,0.313,0.765,9.8,4.0,1.5,0.4,-0.1,-0.014,-6.6,-0.3,2020,jayscrubb
56,CHO,Grant Riller,College of Charleston,1.0,7.0,27.0,18.0,1.0,3.0,0.667,0.5,,3.9,2.6,0.1,0.4,0.1,0.177,5.1,0.0,2020,grantriller
57,LAC,Reggie Perry,Mississippi State,2.0,36.0,398.0,170.0,120.0,26.0,0.459,0.189,0.679,11.1,4.7,3.3,0.7,0.4,0.048,-5.5,-0.3,2020,reggieperry
58,PHI,Paul Reed,DePaul,6.0,325.0,4163.0,1779.0,1320.0,288.0,0.565,0.31,0.69,12.8,5.5,4.1,0.9,15.9,0.184,1.7,3.9,2020,paulreed
59,TOR,Jalen Harris,Nevada,1.0,13.0,172.0,96.0,18.0,17.0,0.5,0.472,0.778,13.2,7.4,1.4,1.3,0.3,0.079,0.3,0.1,2020,jalenharris
60,NOP,Sam Merrill,Utah State University,6.0,225.0,4197.0,1796.0,456.0,371.0,0.424,0.397,0.89,18.7,8.0,2.0,1.6,10.5,0.12,0.1,2.3,2020,sammerrill
